-- phpMyAdmin SQL Dump
-- version 5.0.2
-- https://www.phpmyadmin.net/
--
-- Host: 127.0.0.1
-- Creato il: Nov 19, 2020 alle 19:57
-- Versione del server: 10.4.11-MariaDB
-- Versione PHP: 7.4.5

SET SQL_MODE = "NO_AUTO_VALUE_ON_ZERO";
START TRANSACTION;
SET time_zone = "+00:00";


/*!40101 SET @OLD_CHARACTER_SET_CLIENT=@@CHARACTER_SET_CLIENT */;
/*!40101 SET @OLD_CHARACTER_SET_RESULTS=@@CHARACTER_SET_RESULTS */;
/*!40101 SET @OLD_COLLATION_CONNECTION=@@COLLATION_CONNECTION */;
/*!40101 SET NAMES utf8mb4 */;

--
-- Database: `db_pg3`
--

-- --------------------------------------------------------

--
-- Struttura della tabella `categoria`
--

CREATE TABLE `categoria` (
  `id` int(10) UNSIGNED NOT NULL,
  `classificazione` varchar(255) COLLATE utf8mb4_unicode_ci NOT NULL,
  `created_at` timestamp NULL DEFAULT NULL,
  `updated_at` timestamp NULL DEFAULT NULL
) ENGINE=InnoDB DEFAULT CHARSET=utf8mb4 COLLATE=utf8mb4_unicode_ci;

--
-- Dump dei dati per la tabella `categoria`
--

INSERT INTO `categoria` (`id`, `classificazione`, `created_at`, `updated_at`) VALUES
(1, 'Elettrico', '2020-11-19 14:15:54', '2020-11-19 14:15:54'),
(2, 'Informatico', '2020-11-19 14:15:54', '2020-11-19 14:15:54'),
(3, 'Sanitario', '2020-11-19 14:15:54', '2020-11-19 14:15:54'),
(4, 'Strutturale', '2020-11-19 14:15:54', '2020-11-19 14:15:54');

-- --------------------------------------------------------

--
-- Struttura della tabella `dipartimento`
--

CREATE TABLE `dipartimento` (
  `id` int(10) UNSIGNED NOT NULL,
  `nome` varchar(255) COLLATE utf8mb4_unicode_ci NOT NULL,
  `CAP` int(11) NOT NULL,
  `numero_civico` int(11) DEFAULT NULL,
  `via` varchar(255) COLLATE utf8mb4_unicode_ci NOT NULL,
  `citta` varchar(255) COLLATE utf8mb4_unicode_ci NOT NULL,
  `provincia` varchar(255) COLLATE utf8mb4_unicode_ci NOT NULL,
  `id_direttore` int(10) UNSIGNED NOT NULL,
  `created_at` timestamp NULL DEFAULT NULL,
  `updated_at` timestamp NULL DEFAULT NULL
) ENGINE=InnoDB DEFAULT CHARSET=utf8mb4 COLLATE=utf8mb4_unicode_ci;

--
-- Dump dei dati per la tabella `dipartimento`
--

INSERT INTO `dipartimento` (`id`, `nome`, `CAP`, `numero_civico`, `via`, `citta`, `provincia`, `id_direttore`, `created_at`, `updated_at`) VALUES
(1, 'Civilità antiche e moderne', 98168, 0, 'A. Giuffre', 'Messina', 'ME', 1, '2020-11-19 14:15:28', '2020-11-19 14:15:28'),
(2, 'Economia', 98122, 98, 'Cesare Battisti', 'Messina', 'ME', 2, '2020-11-19 14:15:28', '2020-11-19 14:15:28'),
(3, 'Giurisprudenza', 98122, 1, 'Piazza Pugliatti', 'Messina', 'ME', 3, '2020-11-19 14:15:28', '2020-11-19 14:15:28'),
(4, 'Ingegneria', 98166, 0, 'Contrada Di Dio (S. Agata)', 'Messina', 'ME', 4, '2020-11-19 14:15:28', '2020-11-19 14:15:28'),
(5, 'Medicina Clinica e Sperimentale', 98125, 1, 'Consolare Valeria', 'Messina', 'ME', 5, '2020-11-19 14:15:28', '2020-11-19 14:15:28'),
(6, 'Patologia umana dell\'adulto e dell\'età', 98125, 1, 'Consolare Valeria', 'Messina', 'ME', 6, '2020-11-19 14:15:28', '2020-11-19 14:15:28'),
(7, 'Scienze Biomediche odontoiatriche', 98168, 1, 'Consolare Valeria', 'Messina', 'ME', 7, '2020-11-19 14:15:28', '2020-11-19 14:15:28'),
(8, 'Scienze chimiche biologiche farmaceutiche ed ambientali', 98166, 0, 'Stagno d\'Alcontres Messina', 'Messina', 'ME', 8, '2020-11-19 14:15:28', '2020-11-19 14:15:28'),
(9, 'Scienze cognitive psicologiche', 98121, 8, 'Concezione', 'Messina', 'ME', 9, '2020-11-19 14:15:28', '2020-11-19 14:15:28'),
(10, 'MIFT', 98166, 0, 'Stagno d\'Alcontres', 'Messina', 'ME', 10, '2020-11-19 14:15:28', '2020-11-19 14:15:28'),
(11, 'Scienze politiche e giuridiche', 98122, 0, 'Piazza 20 settembre', 'Messina', 'ME', 11, '2020-11-19 14:15:28', '2020-11-19 14:15:28'),
(12, 'Scienze Veterinarie', 98168, 0, 'Polo Universitario SS Annunziata', 'Messina', 'ME', 12, '2020-11-19 14:15:28', '2020-11-19 14:15:28');

-- --------------------------------------------------------

--
-- Struttura della tabella `direttore`
--

CREATE TABLE `direttore` (
  `id` int(10) UNSIGNED NOT NULL,
  `nome` varchar(255) COLLATE utf8mb4_unicode_ci NOT NULL,
  `cognome` varchar(255) COLLATE utf8mb4_unicode_ci NOT NULL,
  `email` varchar(255) COLLATE utf8mb4_unicode_ci NOT NULL,
  `numero_di_telefono` varchar(255) COLLATE utf8mb4_unicode_ci NOT NULL,
  `inizio_mandato` date DEFAULT NULL,
  `fine_mandato` date DEFAULT NULL,
  `created_at` timestamp NULL DEFAULT NULL,
  `updated_at` timestamp NULL DEFAULT NULL
) ENGINE=InnoDB DEFAULT CHARSET=utf8mb4 COLLATE=utf8mb4_unicode_ci;

--
-- Dump dei dati per la tabella `direttore`
--

INSERT INTO `direttore` (`id`, `nome`, `cognome`, `email`, `numero_di_telefono`, `inizio_mandato`, `fine_mandato`, `created_at`, `updated_at`) VALUES
(1, 'Mario', 'Bolognari', 'mario.bolognari@unime.it', '0906766359', '2019-11-04', '2023-07-08', '2020-11-19 14:15:25', '2020-11-19 14:15:25'),
(2, 'Augusto', 'D\'amico', 'damicoa@unime.it', '0906767105', '2018-10-14', '2022-10-14', '2020-11-19 14:15:25', '2020-11-19 14:15:25'),
(3, 'Giancarlo', 'De Vero', 'giancarlo.devero@unime.it', '0906764313', '2020-01-05', '2024-01-05', '2020-11-19 14:15:25', '2020-11-19 14:15:25'),
(4, 'Antonino', 'D\'Andrea', 'adandrea@unime.it', '0903977157', '2017-07-08', '2021-07-08', '2020-11-19 14:15:25', '2020-11-19 14:15:25'),
(5, 'Domenico', 'Cucinotta', 'domenico.cucinotta@unime.it', '0902212390', '2018-04-26', '2022-04-26', '2020-11-19 14:15:25', '2020-11-19 14:15:25'),
(6, 'Francesco', 'Stagno D\'Alcontres', 'fstagnodalcontres@unime.it', '0902212585', '2019-09-18', '2023-09-18', '2020-11-19 14:15:25', '2020-11-19 14:15:25'),
(7, 'Giuseppe Pio', 'Anastasi', 'anastasi.giuseppe@unime.it', '0902213361', '2018-05-21', '2022-05-21', '2020-11-19 14:15:25', '2020-11-19 14:15:25'),
(8, 'Giovanni', 'Grassi', 'giovanni.grassi@unime.it', '0906765513', '2020-02-17', '2024-02-17', '2020-11-19 14:15:25', '2020-11-19 14:15:25'),
(9, 'Antonino', 'Pennisi', 'antonio.pennisi@unime.it', '0906765191', '2017-10-09', '2021-10-09', '2020-11-19 14:15:25', '2020-11-19 14:15:25'),
(10, 'Fortunato', 'Neri', 'fortunato.neri@unime.it', '0906765030', '2019-06-30', '2023-06-30', '2020-11-19 14:15:25', '2020-11-19 14:15:25'),
(11, 'Giovanni', 'Moschella', 'giovanni.moschella@unime.it', '0906768931', '2018-11-25', '2022-11-25', '2020-11-19 14:15:25', '2020-11-19 14:15:25'),
(12, 'Antonio', 'Panebianco', 'antonio.panebianco@unime.it', '0903503762', '2019-12-10', '2023-12-10', '2020-11-19 14:15:25', '2020-11-19 14:15:25');

-- --------------------------------------------------------

--
-- Struttura della tabella `failed_jobs`
--

CREATE TABLE `failed_jobs` (
  `id` bigint(20) UNSIGNED NOT NULL,
  `uuid` varchar(255) COLLATE utf8mb4_unicode_ci NOT NULL,
  `connection` text COLLATE utf8mb4_unicode_ci NOT NULL,
  `queue` text COLLATE utf8mb4_unicode_ci NOT NULL,
  `payload` longtext COLLATE utf8mb4_unicode_ci NOT NULL,
  `exception` longtext COLLATE utf8mb4_unicode_ci NOT NULL,
  `failed_at` timestamp NOT NULL DEFAULT current_timestamp()
) ENGINE=InnoDB DEFAULT CHARSET=utf8mb4 COLLATE=utf8mb4_unicode_ci;

-- --------------------------------------------------------

--
-- Struttura della tabella `locale`
--

CREATE TABLE `locale` (
  `id` int(10) UNSIGNED NOT NULL,
  `tipologia` varchar(255) COLLATE utf8mb4_unicode_ci NOT NULL,
  `classificazione` varchar(255) COLLATE utf8mb4_unicode_ci DEFAULT NULL,
  `numero` int(11) NOT NULL,
  `id_dipartimento` int(10) UNSIGNED NOT NULL,
  `created_at` timestamp NULL DEFAULT NULL,
  `updated_at` timestamp NULL DEFAULT NULL
) ENGINE=InnoDB DEFAULT CHARSET=utf8mb4 COLLATE=utf8mb4_unicode_ci;

--
-- Dump dei dati per la tabella `locale`
--

INSERT INTO `locale` (`id`, `tipologia`, `classificazione`, `numero`, `id_dipartimento`, `created_at`, `updated_at`) VALUES
(610, 'Aula', 'Studio', 101, 1, '2020-11-19 14:31:09', '2020-11-19 14:31:09'),
(611, 'Aula', 'Studio', 102, 1, '2020-11-19 14:31:09', '2020-11-19 14:31:09'),
(612, 'Aula', 'Studio', 103, 1, '2020-11-19 14:31:09', '2020-11-19 14:31:09'),
(613, 'Aula', 'Studio', 104, 1, '2020-11-19 14:31:09', '2020-11-19 14:31:09'),
(614, 'Aula', 'Studio', 105, 1, '2020-11-19 14:31:09', '2020-11-19 14:31:09'),
(615, 'Aula', 'Studio', 106, 1, '2020-11-19 14:31:09', '2020-11-19 14:31:09'),
(616, 'Aula', 'Studio', 107, 1, '2020-11-19 14:31:09', '2020-11-19 14:31:09'),
(617, 'Aula', 'Studio', 108, 1, '2020-11-19 14:31:09', '2020-11-19 14:31:09'),
(618, 'Aula', 'Studio', 109, 1, '2020-11-19 14:31:09', '2020-11-19 14:31:09'),
(619, 'Aula', 'Studio', 110, 1, '2020-11-19 14:31:09', '2020-11-19 14:31:09'),
(620, 'Aula', 'Studio', 101, 2, '2020-11-19 14:31:09', '2020-11-19 14:31:09'),
(621, 'Aula', 'Studio', 102, 2, '2020-11-19 14:31:09', '2020-11-19 14:31:09'),
(622, 'Aula', 'Studio', 103, 2, '2020-11-19 14:31:09', '2020-11-19 14:31:09'),
(623, 'Aula', 'Studio', 104, 2, '2020-11-19 14:31:09', '2020-11-19 14:31:09'),
(624, 'Aula', 'Studio', 105, 2, '2020-11-19 14:31:09', '2020-11-19 14:31:09'),
(625, 'Aula', 'Studio', 106, 2, '2020-11-19 14:31:09', '2020-11-19 14:31:09'),
(626, 'Aula', 'Studio', 107, 2, '2020-11-19 14:31:09', '2020-11-19 14:31:09'),
(627, 'Aula', 'Studio', 108, 2, '2020-11-19 14:31:09', '2020-11-19 14:31:09'),
(628, 'Aula', 'Studio', 109, 2, '2020-11-19 14:31:09', '2020-11-19 14:31:09'),
(629, 'Aula', 'Studio', 110, 2, '2020-11-19 14:31:09', '2020-11-19 14:31:09'),
(630, 'Aula', 'Studio', 101, 3, '2020-11-19 14:31:09', '2020-11-19 14:31:09'),
(631, 'Aula', 'Studio', 102, 3, '2020-11-19 14:31:09', '2020-11-19 14:31:09'),
(632, 'Aula', 'Studio', 103, 3, '2020-11-19 14:31:09', '2020-11-19 14:31:09'),
(633, 'Aula', 'Studio', 104, 3, '2020-11-19 14:31:09', '2020-11-19 14:31:09'),
(634, 'Aula', 'Studio', 105, 3, '2020-11-19 14:31:09', '2020-11-19 14:31:09'),
(635, 'Aula', 'Studio', 106, 3, '2020-11-19 14:31:09', '2020-11-19 14:31:09'),
(636, 'Aula', 'Studio', 107, 3, '2020-11-19 14:31:09', '2020-11-19 14:31:09'),
(637, 'Aula', 'Studio', 108, 3, '2020-11-19 14:31:09', '2020-11-19 14:31:09'),
(638, 'Aula', 'Studio', 109, 3, '2020-11-19 14:31:09', '2020-11-19 14:31:09'),
(639, 'Aula', 'Studio', 110, 3, '2020-11-19 14:31:09', '2020-11-19 14:31:09'),
(640, 'Aula', 'Studio', 101, 4, '2020-11-19 14:31:09', '2020-11-19 14:31:09'),
(641, 'Aula', 'Studio', 102, 4, '2020-11-19 14:31:09', '2020-11-19 14:31:09'),
(642, 'Aula', 'Studio', 103, 4, '2020-11-19 14:31:09', '2020-11-19 14:31:09'),
(643, 'Aula', 'Studio', 104, 4, '2020-11-19 14:31:09', '2020-11-19 14:31:09'),
(644, 'Aula', 'Studio', 105, 4, '2020-11-19 14:31:09', '2020-11-19 14:31:09'),
(645, 'Aula', 'Studio', 106, 4, '2020-11-19 14:31:09', '2020-11-19 14:31:09'),
(646, 'Aula', 'Studio', 107, 4, '2020-11-19 14:31:09', '2020-11-19 14:31:09'),
(647, 'Aula', 'Studio', 108, 4, '2020-11-19 14:31:09', '2020-11-19 14:31:09'),
(648, 'Aula', 'Studio', 109, 4, '2020-11-19 14:31:09', '2020-11-19 14:31:09'),
(649, 'Aula', 'Studio', 110, 4, '2020-11-19 14:31:09', '2020-11-19 14:31:09'),
(650, 'Aula', 'Studio', 101, 5, '2020-11-19 14:31:09', '2020-11-19 14:31:09'),
(651, 'Aula', 'Studio', 102, 5, '2020-11-19 14:31:09', '2020-11-19 14:31:09'),
(652, 'Aula', 'Studio', 103, 5, '2020-11-19 14:31:09', '2020-11-19 14:31:09'),
(653, 'Aula', 'Studio', 104, 5, '2020-11-19 14:31:09', '2020-11-19 14:31:09'),
(654, 'Aula', 'Studio', 105, 5, '2020-11-19 14:31:09', '2020-11-19 14:31:09'),
(655, 'Aula', 'Studio', 106, 5, '2020-11-19 14:31:09', '2020-11-19 14:31:09'),
(656, 'Aula', 'Studio', 107, 5, '2020-11-19 14:31:09', '2020-11-19 14:31:09'),
(657, 'Aula', 'Studio', 108, 5, '2020-11-19 14:31:09', '2020-11-19 14:31:09'),
(658, 'Aula', 'Studio', 109, 5, '2020-11-19 14:31:09', '2020-11-19 14:31:09'),
(659, 'Aula', 'Studio', 110, 5, '2020-11-19 14:31:09', '2020-11-19 14:31:09'),
(660, 'Aula', 'Studio', 101, 6, '2020-11-19 14:31:09', '2020-11-19 14:31:09'),
(661, 'Aula', 'Studio', 102, 6, '2020-11-19 14:31:09', '2020-11-19 14:31:09'),
(662, 'Aula', 'Studio', 103, 6, '2020-11-19 14:31:09', '2020-11-19 14:31:09'),
(663, 'Aula', 'Studio', 104, 6, '2020-11-19 14:31:09', '2020-11-19 14:31:09'),
(664, 'Aula', 'Studio', 105, 6, '2020-11-19 14:31:09', '2020-11-19 14:31:09'),
(665, 'Aula', 'Studio', 106, 6, '2020-11-19 14:31:09', '2020-11-19 14:31:09'),
(666, 'Aula', 'Studio', 107, 6, '2020-11-19 14:31:09', '2020-11-19 14:31:09'),
(667, 'Aula', 'Studio', 108, 6, '2020-11-19 14:31:09', '2020-11-19 14:31:09'),
(668, 'Aula', 'Studio', 109, 6, '2020-11-19 14:31:09', '2020-11-19 14:31:09'),
(669, 'Aula', 'Studio', 110, 6, '2020-11-19 14:31:09', '2020-11-19 14:31:09'),
(670, 'Aula', 'Studio', 101, 7, '2020-11-19 14:31:09', '2020-11-19 14:31:09'),
(671, 'Aula', 'Studio', 102, 7, '2020-11-19 14:31:09', '2020-11-19 14:31:09'),
(672, 'Aula', 'Studio', 103, 7, '2020-11-19 14:31:09', '2020-11-19 14:31:09'),
(673, 'Aula', 'Studio', 104, 7, '2020-11-19 14:31:09', '2020-11-19 14:31:09'),
(674, 'Aula', 'Studio', 105, 7, '2020-11-19 14:31:09', '2020-11-19 14:31:09'),
(675, 'Aula', 'Studio', 106, 7, '2020-11-19 14:31:09', '2020-11-19 14:31:09'),
(676, 'Aula', 'Studio', 107, 7, '2020-11-19 14:31:09', '2020-11-19 14:31:09'),
(677, 'Aula', 'Studio', 108, 7, '2020-11-19 14:31:09', '2020-11-19 14:31:09'),
(678, 'Aula', 'Studio', 109, 7, '2020-11-19 14:31:09', '2020-11-19 14:31:09'),
(679, 'Aula', 'Studio', 110, 7, '2020-11-19 14:31:09', '2020-11-19 14:31:09'),
(680, 'Aula', 'Studio', 101, 8, '2020-11-19 14:31:09', '2020-11-19 14:31:09'),
(681, 'Aula', 'Studio', 102, 8, '2020-11-19 14:31:09', '2020-11-19 14:31:09'),
(682, 'Aula', 'Studio', 103, 8, '2020-11-19 14:31:09', '2020-11-19 14:31:09'),
(683, 'Aula', 'Studio', 104, 8, '2020-11-19 14:31:09', '2020-11-19 14:31:09'),
(684, 'Aula', 'Studio', 105, 8, '2020-11-19 14:31:09', '2020-11-19 14:31:09'),
(685, 'Aula', 'Studio', 106, 8, '2020-11-19 14:31:09', '2020-11-19 14:31:09'),
(686, 'Aula', 'Studio', 107, 8, '2020-11-19 14:31:09', '2020-11-19 14:31:09'),
(687, 'Aula', 'Studio', 108, 8, '2020-11-19 14:31:09', '2020-11-19 14:31:09'),
(688, 'Aula', 'Studio', 109, 8, '2020-11-19 14:31:09', '2020-11-19 14:31:09'),
(689, 'Aula', 'Studio', 110, 8, '2020-11-19 14:31:09', '2020-11-19 14:31:09'),
(690, 'Aula', 'Studio', 101, 9, '2020-11-19 14:31:09', '2020-11-19 14:31:09'),
(691, 'Aula', 'Studio', 102, 9, '2020-11-19 14:31:09', '2020-11-19 14:31:09'),
(692, 'Aula', 'Studio', 103, 9, '2020-11-19 14:31:09', '2020-11-19 14:31:09'),
(693, 'Aula', 'Studio', 104, 9, '2020-11-19 14:31:09', '2020-11-19 14:31:09'),
(694, 'Aula', 'Studio', 105, 9, '2020-11-19 14:31:09', '2020-11-19 14:31:09'),
(695, 'Aula', 'Studio', 106, 9, '2020-11-19 14:31:09', '2020-11-19 14:31:09'),
(696, 'Aula', 'Studio', 107, 9, '2020-11-19 14:31:09', '2020-11-19 14:31:09'),
(697, 'Aula', 'Studio', 108, 9, '2020-11-19 14:31:09', '2020-11-19 14:31:09'),
(698, 'Aula', 'Studio', 109, 9, '2020-11-19 14:31:09', '2020-11-19 14:31:09'),
(699, 'Aula', 'Studio', 110, 9, '2020-11-19 14:31:09', '2020-11-19 14:31:09'),
(700, 'Aula', 'Studio', 101, 10, '2020-11-19 14:31:09', '2020-11-19 14:31:09'),
(701, 'Aula', 'Studio', 102, 10, '2020-11-19 14:31:09', '2020-11-19 14:31:09'),
(702, 'Aula', 'Studio', 103, 10, '2020-11-19 14:31:09', '2020-11-19 14:31:09'),
(703, 'Aula', 'Studio', 104, 10, '2020-11-19 14:31:09', '2020-11-19 14:31:09'),
(704, 'Aula', 'Studio', 105, 10, '2020-11-19 14:31:09', '2020-11-19 14:31:09'),
(705, 'Aula', 'Studio', 106, 10, '2020-11-19 14:31:09', '2020-11-19 14:31:09'),
(706, 'Aula', 'Studio', 107, 10, '2020-11-19 14:31:09', '2020-11-19 14:31:09'),
(707, 'Aula', 'Studio', 108, 10, '2020-11-19 14:31:09', '2020-11-19 14:31:09'),
(708, 'Aula', 'Studio', 109, 10, '2020-11-19 14:31:09', '2020-11-19 14:31:09'),
(709, 'Aula', 'Studio', 110, 10, '2020-11-19 14:31:09', '2020-11-19 14:31:09'),
(710, 'Aula', 'Studio', 101, 11, '2020-11-19 14:31:09', '2020-11-19 14:31:09'),
(711, 'Aula', 'Studio', 102, 11, '2020-11-19 14:31:09', '2020-11-19 14:31:09'),
(712, 'Aula', 'Studio', 103, 11, '2020-11-19 14:31:09', '2020-11-19 14:31:09'),
(713, 'Aula', 'Studio', 104, 11, '2020-11-19 14:31:09', '2020-11-19 14:31:09'),
(714, 'Aula', 'Studio', 105, 11, '2020-11-19 14:31:09', '2020-11-19 14:31:09'),
(715, 'Aula', 'Studio', 106, 11, '2020-11-19 14:31:09', '2020-11-19 14:31:09'),
(716, 'Aula', 'Studio', 107, 11, '2020-11-19 14:31:09', '2020-11-19 14:31:09'),
(717, 'Aula', 'Studio', 108, 11, '2020-11-19 14:31:09', '2020-11-19 14:31:09'),
(718, 'Aula', 'Studio', 109, 11, '2020-11-19 14:31:09', '2020-11-19 14:31:09'),
(719, 'Aula', 'Studio', 110, 11, '2020-11-19 14:31:09', '2020-11-19 14:31:09'),
(720, 'Aula', 'Studio', 101, 12, '2020-11-19 14:31:09', '2020-11-19 14:31:09'),
(721, 'Aula', 'Studio', 102, 12, '2020-11-19 14:31:09', '2020-11-19 14:31:09'),
(722, 'Aula', 'Studio', 103, 12, '2020-11-19 14:31:09', '2020-11-19 14:31:09'),
(723, 'Aula', 'Studio', 104, 12, '2020-11-19 14:31:09', '2020-11-19 14:31:09'),
(724, 'Aula', 'Studio', 105, 12, '2020-11-19 14:31:09', '2020-11-19 14:31:09'),
(725, 'Aula', 'Studio', 106, 12, '2020-11-19 14:31:09', '2020-11-19 14:31:09'),
(726, 'Aula', 'Studio', 107, 12, '2020-11-19 14:31:09', '2020-11-19 14:31:09'),
(727, 'Aula', 'Studio', 108, 12, '2020-11-19 14:31:09', '2020-11-19 14:31:09'),
(728, 'Aula', 'Studio', 109, 12, '2020-11-19 14:31:09', '2020-11-19 14:31:09'),
(729, 'Aula', 'Studio', 110, 12, '2020-11-19 14:31:09', '2020-11-19 14:31:09'),
(730, 'Aula', 'Relax', 101, 1, '2020-11-19 14:31:09', '2020-11-19 14:31:09'),
(731, 'Aula', 'Relax', 102, 1, '2020-11-19 14:31:09', '2020-11-19 14:31:09'),
(732, 'Aula', 'Relax', 103, 1, '2020-11-19 14:31:09', '2020-11-19 14:31:09'),
(733, 'Aula', 'Relax', 104, 1, '2020-11-19 14:31:09', '2020-11-19 14:31:09'),
(734, 'Aula', 'Relax', 105, 1, '2020-11-19 14:31:09', '2020-11-19 14:31:09'),
(735, 'Aula', 'Relax', 106, 1, '2020-11-19 14:31:09', '2020-11-19 14:31:09'),
(736, 'Aula', 'Relax', 107, 1, '2020-11-19 14:31:09', '2020-11-19 14:31:09'),
(737, 'Aula', 'Relax', 108, 1, '2020-11-19 14:31:09', '2020-11-19 14:31:09'),
(738, 'Aula', 'Relax', 109, 1, '2020-11-19 14:31:09', '2020-11-19 14:31:09'),
(739, 'Aula', 'Relax', 110, 1, '2020-11-19 14:31:09', '2020-11-19 14:31:09'),
(740, 'Aula', 'Relax', 101, 2, '2020-11-19 14:31:09', '2020-11-19 14:31:09'),
(741, 'Aula', 'Relax', 102, 2, '2020-11-19 14:31:09', '2020-11-19 14:31:09'),
(742, 'Aula', 'Relax', 103, 2, '2020-11-19 14:31:09', '2020-11-19 14:31:09'),
(743, 'Aula', 'Relax', 104, 2, '2020-11-19 14:31:09', '2020-11-19 14:31:09'),
(744, 'Aula', 'Relax', 105, 2, '2020-11-19 14:31:09', '2020-11-19 14:31:09'),
(745, 'Aula', 'Relax', 106, 2, '2020-11-19 14:31:09', '2020-11-19 14:31:09'),
(746, 'Aula', 'Relax', 107, 2, '2020-11-19 14:31:09', '2020-11-19 14:31:09'),
(747, 'Aula', 'Relax', 108, 2, '2020-11-19 14:31:09', '2020-11-19 14:31:09'),
(748, 'Aula', 'Relax', 109, 2, '2020-11-19 14:31:09', '2020-11-19 14:31:09'),
(749, 'Aula', 'Relax', 110, 2, '2020-11-19 14:31:09', '2020-11-19 14:31:09'),
(750, 'Aula', 'Relax', 101, 3, '2020-11-19 14:31:09', '2020-11-19 14:31:09'),
(751, 'Aula', 'Relax', 102, 3, '2020-11-19 14:31:09', '2020-11-19 14:31:09'),
(752, 'Aula', 'Relax', 103, 3, '2020-11-19 14:31:09', '2020-11-19 14:31:09'),
(753, 'Aula', 'Relax', 104, 3, '2020-11-19 14:31:09', '2020-11-19 14:31:09'),
(754, 'Aula', 'Relax', 105, 3, '2020-11-19 14:31:09', '2020-11-19 14:31:09'),
(755, 'Aula', 'Relax', 106, 3, '2020-11-19 14:31:09', '2020-11-19 14:31:09'),
(756, 'Aula', 'Relax', 107, 3, '2020-11-19 14:31:09', '2020-11-19 14:31:09'),
(757, 'Aula', 'Relax', 108, 3, '2020-11-19 14:31:09', '2020-11-19 14:31:09'),
(758, 'Aula', 'Relax', 109, 3, '2020-11-19 14:31:09', '2020-11-19 14:31:09'),
(759, 'Aula', 'Relax', 110, 3, '2020-11-19 14:31:09', '2020-11-19 14:31:09'),
(760, 'Aula', 'Relax', 101, 4, '2020-11-19 14:31:09', '2020-11-19 14:31:09'),
(761, 'Aula', 'Relax', 102, 4, '2020-11-19 14:31:09', '2020-11-19 14:31:09'),
(762, 'Aula', 'Relax', 103, 4, '2020-11-19 14:31:09', '2020-11-19 14:31:09'),
(763, 'Aula', 'Relax', 104, 4, '2020-11-19 14:31:09', '2020-11-19 14:31:09'),
(764, 'Aula', 'Relax', 105, 4, '2020-11-19 14:31:09', '2020-11-19 14:31:09'),
(765, 'Aula', 'Relax', 106, 4, '2020-11-19 14:31:09', '2020-11-19 14:31:09'),
(766, 'Aula', 'Relax', 107, 4, '2020-11-19 14:31:09', '2020-11-19 14:31:09'),
(767, 'Aula', 'Relax', 108, 4, '2020-11-19 14:31:09', '2020-11-19 14:31:09'),
(768, 'Aula', 'Relax', 109, 4, '2020-11-19 14:31:09', '2020-11-19 14:31:09'),
(769, 'Aula', 'Relax', 110, 4, '2020-11-19 14:31:09', '2020-11-19 14:31:09'),
(770, 'Aula', 'Relax', 101, 5, '2020-11-19 14:31:09', '2020-11-19 14:31:09'),
(771, 'Aula', 'Relax', 102, 5, '2020-11-19 14:31:09', '2020-11-19 14:31:09'),
(772, 'Aula', 'Relax', 103, 5, '2020-11-19 14:31:09', '2020-11-19 14:31:09'),
(773, 'Aula', 'Relax', 104, 5, '2020-11-19 14:31:09', '2020-11-19 14:31:09'),
(774, 'Aula', 'Relax', 105, 5, '2020-11-19 14:31:09', '2020-11-19 14:31:09'),
(775, 'Aula', 'Relax', 106, 5, '2020-11-19 14:31:09', '2020-11-19 14:31:09'),
(776, 'Aula', 'Relax', 107, 5, '2020-11-19 14:31:09', '2020-11-19 14:31:09'),
(777, 'Aula', 'Relax', 108, 5, '2020-11-19 14:31:09', '2020-11-19 14:31:09'),
(778, 'Aula', 'Relax', 109, 5, '2020-11-19 14:31:09', '2020-11-19 14:31:09'),
(779, 'Aula', 'Relax', 110, 5, '2020-11-19 14:31:09', '2020-11-19 14:31:09'),
(780, 'Aula', 'Relax', 101, 6, '2020-11-19 14:31:09', '2020-11-19 14:31:09'),
(781, 'Aula', 'Relax', 102, 6, '2020-11-19 14:31:09', '2020-11-19 14:31:09'),
(782, 'Aula', 'Relax', 103, 6, '2020-11-19 14:31:09', '2020-11-19 14:31:09'),
(783, 'Aula', 'Relax', 104, 6, '2020-11-19 14:31:09', '2020-11-19 14:31:09'),
(784, 'Aula', 'Relax', 105, 6, '2020-11-19 14:31:09', '2020-11-19 14:31:09'),
(785, 'Aula', 'Relax', 106, 6, '2020-11-19 14:31:09', '2020-11-19 14:31:09'),
(786, 'Aula', 'Relax', 107, 6, '2020-11-19 14:31:09', '2020-11-19 14:31:09'),
(787, 'Aula', 'Relax', 108, 6, '2020-11-19 14:31:09', '2020-11-19 14:31:09'),
(788, 'Aula', 'Relax', 109, 6, '2020-11-19 14:31:09', '2020-11-19 14:31:09'),
(789, 'Aula', 'Relax', 110, 6, '2020-11-19 14:31:09', '2020-11-19 14:31:09'),
(790, 'Aula', 'Relax', 101, 7, '2020-11-19 14:31:09', '2020-11-19 14:31:09'),
(791, 'Aula', 'Relax', 102, 7, '2020-11-19 14:31:09', '2020-11-19 14:31:09'),
(792, 'Aula', 'Relax', 103, 7, '2020-11-19 14:31:09', '2020-11-19 14:31:09'),
(793, 'Aula', 'Relax', 104, 7, '2020-11-19 14:31:09', '2020-11-19 14:31:09'),
(794, 'Aula', 'Relax', 105, 7, '2020-11-19 14:31:09', '2020-11-19 14:31:09'),
(795, 'Aula', 'Relax', 106, 7, '2020-11-19 14:31:09', '2020-11-19 14:31:09'),
(796, 'Aula', 'Relax', 107, 7, '2020-11-19 14:31:09', '2020-11-19 14:31:09'),
(797, 'Aula', 'Relax', 108, 7, '2020-11-19 14:31:09', '2020-11-19 14:31:09'),
(798, 'Aula', 'Relax', 109, 7, '2020-11-19 14:31:09', '2020-11-19 14:31:09'),
(799, 'Aula', 'Relax', 110, 7, '2020-11-19 14:31:09', '2020-11-19 14:31:09'),
(800, 'Aula', 'Relax', 101, 8, '2020-11-19 14:31:09', '2020-11-19 14:31:09'),
(801, 'Aula', 'Relax', 102, 8, '2020-11-19 14:31:09', '2020-11-19 14:31:09'),
(802, 'Aula', 'Relax', 103, 8, '2020-11-19 14:31:09', '2020-11-19 14:31:09'),
(803, 'Aula', 'Relax', 104, 8, '2020-11-19 14:31:09', '2020-11-19 14:31:09'),
(804, 'Aula', 'Relax', 105, 8, '2020-11-19 14:31:09', '2020-11-19 14:31:09'),
(805, 'Aula', 'Relax', 106, 8, '2020-11-19 14:31:09', '2020-11-19 14:31:09'),
(806, 'Aula', 'Relax', 107, 8, '2020-11-19 14:31:09', '2020-11-19 14:31:09'),
(807, 'Aula', 'Relax', 108, 8, '2020-11-19 14:31:09', '2020-11-19 14:31:09'),
(808, 'Aula', 'Relax', 109, 8, '2020-11-19 14:31:09', '2020-11-19 14:31:09'),
(809, 'Aula', 'Relax', 110, 8, '2020-11-19 14:31:09', '2020-11-19 14:31:09'),
(810, 'Aula', 'Relax', 101, 9, '2020-11-19 14:31:09', '2020-11-19 14:31:09'),
(811, 'Aula', 'Relax', 102, 9, '2020-11-19 14:31:09', '2020-11-19 14:31:09'),
(812, 'Aula', 'Relax', 103, 9, '2020-11-19 14:31:09', '2020-11-19 14:31:09'),
(813, 'Aula', 'Relax', 104, 9, '2020-11-19 14:31:09', '2020-11-19 14:31:09'),
(814, 'Aula', 'Relax', 105, 9, '2020-11-19 14:31:09', '2020-11-19 14:31:09'),
(815, 'Aula', 'Relax', 106, 9, '2020-11-19 14:31:09', '2020-11-19 14:31:09'),
(816, 'Aula', 'Relax', 107, 9, '2020-11-19 14:31:09', '2020-11-19 14:31:09'),
(817, 'Aula', 'Relax', 108, 9, '2020-11-19 14:31:09', '2020-11-19 14:31:09'),
(818, 'Aula', 'Relax', 109, 9, '2020-11-19 14:31:09', '2020-11-19 14:31:09'),
(819, 'Aula', 'Relax', 110, 9, '2020-11-19 14:31:09', '2020-11-19 14:31:09'),
(820, 'Aula', 'Relax', 101, 10, '2020-11-19 14:31:09', '2020-11-19 14:31:09'),
(821, 'Aula', 'Relax', 102, 10, '2020-11-19 14:31:09', '2020-11-19 14:31:09'),
(822, 'Aula', 'Relax', 103, 10, '2020-11-19 14:31:09', '2020-11-19 14:31:09'),
(823, 'Aula', 'Relax', 104, 10, '2020-11-19 14:31:09', '2020-11-19 14:31:09'),
(824, 'Aula', 'Relax', 105, 10, '2020-11-19 14:31:09', '2020-11-19 14:31:09'),
(825, 'Aula', 'Relax', 106, 10, '2020-11-19 14:31:09', '2020-11-19 14:31:09'),
(826, 'Aula', 'Relax', 107, 10, '2020-11-19 14:31:09', '2020-11-19 14:31:09'),
(827, 'Aula', 'Relax', 108, 10, '2020-11-19 14:31:09', '2020-11-19 14:31:09'),
(828, 'Aula', 'Relax', 109, 10, '2020-11-19 14:31:09', '2020-11-19 14:31:09'),
(829, 'Aula', 'Relax', 110, 10, '2020-11-19 14:31:09', '2020-11-19 14:31:09'),
(830, 'Aula', 'Relax', 101, 11, '2020-11-19 14:31:09', '2020-11-19 14:31:09'),
(831, 'Aula', 'Relax', 102, 11, '2020-11-19 14:31:09', '2020-11-19 14:31:09'),
(832, 'Aula', 'Relax', 103, 11, '2020-11-19 14:31:09', '2020-11-19 14:31:09'),
(833, 'Aula', 'Relax', 104, 11, '2020-11-19 14:31:09', '2020-11-19 14:31:09'),
(834, 'Aula', 'Relax', 105, 11, '2020-11-19 14:31:09', '2020-11-19 14:31:09'),
(835, 'Aula', 'Relax', 106, 11, '2020-11-19 14:31:09', '2020-11-19 14:31:09'),
(836, 'Aula', 'Relax', 107, 11, '2020-11-19 14:31:09', '2020-11-19 14:31:09'),
(837, 'Aula', 'Relax', 108, 11, '2020-11-19 14:31:09', '2020-11-19 14:31:09'),
(838, 'Aula', 'Relax', 109, 11, '2020-11-19 14:31:09', '2020-11-19 14:31:09'),
(839, 'Aula', 'Relax', 110, 11, '2020-11-19 14:31:09', '2020-11-19 14:31:09'),
(840, 'Aula', 'Relax', 101, 12, '2020-11-19 14:31:09', '2020-11-19 14:31:09'),
(841, 'Aula', 'Relax', 102, 12, '2020-11-19 14:31:09', '2020-11-19 14:31:09'),
(842, 'Aula', 'Relax', 103, 12, '2020-11-19 14:31:09', '2020-11-19 14:31:09'),
(843, 'Aula', 'Relax', 104, 12, '2020-11-19 14:31:09', '2020-11-19 14:31:09'),
(844, 'Aula', 'Relax', 105, 12, '2020-11-19 14:31:09', '2020-11-19 14:31:09'),
(845, 'Aula', 'Relax', 106, 12, '2020-11-19 14:31:09', '2020-11-19 14:31:09'),
(846, 'Aula', 'Relax', 107, 12, '2020-11-19 14:31:09', '2020-11-19 14:31:09'),
(847, 'Aula', 'Relax', 108, 12, '2020-11-19 14:31:09', '2020-11-19 14:31:09'),
(848, 'Aula', 'Relax', 109, 12, '2020-11-19 14:31:09', '2020-11-19 14:31:09'),
(849, 'Aula', 'Relax', 110, 12, '2020-11-19 14:31:09', '2020-11-19 14:31:09'),
(850, 'Bagno', NULL, 101, 1, '2020-11-19 14:31:09', '2020-11-19 14:31:09'),
(851, 'Bagno', NULL, 102, 1, '2020-11-19 14:31:09', '2020-11-19 14:31:09'),
(852, 'Bagno', NULL, 103, 1, '2020-11-19 14:31:09', '2020-11-19 14:31:09'),
(853, 'Bagno', NULL, 104, 1, '2020-11-19 14:31:09', '2020-11-19 14:31:09'),
(854, 'Bagno', NULL, 105, 1, '2020-11-19 14:31:09', '2020-11-19 14:31:09'),
(855, 'Bagno', NULL, 101, 2, '2020-11-19 14:31:09', '2020-11-19 14:31:09'),
(856, 'Bagno', NULL, 102, 2, '2020-11-19 14:31:09', '2020-11-19 14:31:09'),
(857, 'Bagno', NULL, 103, 2, '2020-11-19 14:31:09', '2020-11-19 14:31:09'),
(858, 'Bagno', NULL, 104, 2, '2020-11-19 14:31:09', '2020-11-19 14:31:09'),
(859, 'Bagno', NULL, 105, 2, '2020-11-19 14:31:09', '2020-11-19 14:31:09'),
(860, 'Bagno', NULL, 101, 3, '2020-11-19 14:31:09', '2020-11-19 14:31:09'),
(861, 'Bagno', NULL, 102, 3, '2020-11-19 14:31:09', '2020-11-19 14:31:09'),
(862, 'Bagno', NULL, 103, 3, '2020-11-19 14:31:09', '2020-11-19 14:31:09'),
(863, 'Bagno', NULL, 104, 3, '2020-11-19 14:31:09', '2020-11-19 14:31:09'),
(864, 'Bagno', NULL, 105, 3, '2020-11-19 14:31:09', '2020-11-19 14:31:09'),
(865, 'Bagno', NULL, 101, 4, '2020-11-19 14:31:09', '2020-11-19 14:31:09'),
(866, 'Bagno', NULL, 102, 4, '2020-11-19 14:31:09', '2020-11-19 14:31:09'),
(867, 'Bagno', NULL, 103, 4, '2020-11-19 14:31:09', '2020-11-19 14:31:09'),
(868, 'Bagno', NULL, 104, 4, '2020-11-19 14:31:09', '2020-11-19 14:31:09'),
(869, 'Bagno', NULL, 105, 4, '2020-11-19 14:31:09', '2020-11-19 14:31:09'),
(870, 'Bagno', NULL, 101, 5, '2020-11-19 14:31:09', '2020-11-19 14:31:09'),
(871, 'Bagno', NULL, 102, 5, '2020-11-19 14:31:09', '2020-11-19 14:31:09'),
(872, 'Bagno', NULL, 103, 5, '2020-11-19 14:31:09', '2020-11-19 14:31:09'),
(873, 'Bagno', NULL, 104, 5, '2020-11-19 14:31:09', '2020-11-19 14:31:09'),
(874, 'Bagno', NULL, 105, 5, '2020-11-19 14:31:09', '2020-11-19 14:31:09'),
(875, 'Bagno', NULL, 101, 6, '2020-11-19 14:31:09', '2020-11-19 14:31:09'),
(876, 'Bagno', NULL, 102, 6, '2020-11-19 14:31:09', '2020-11-19 14:31:09'),
(877, 'Bagno', NULL, 103, 6, '2020-11-19 14:31:09', '2020-11-19 14:31:09'),
(878, 'Bagno', NULL, 104, 6, '2020-11-19 14:31:09', '2020-11-19 14:31:09'),
(879, 'Bagno', NULL, 105, 6, '2020-11-19 14:31:09', '2020-11-19 14:31:09'),
(880, 'Bagno', NULL, 101, 7, '2020-11-19 14:31:09', '2020-11-19 14:31:09'),
(881, 'Bagno', NULL, 102, 7, '2020-11-19 14:31:09', '2020-11-19 14:31:09'),
(882, 'Bagno', NULL, 103, 7, '2020-11-19 14:31:09', '2020-11-19 14:31:09'),
(883, 'Bagno', NULL, 104, 7, '2020-11-19 14:31:09', '2020-11-19 14:31:09'),
(884, 'Bagno', NULL, 105, 7, '2020-11-19 14:31:09', '2020-11-19 14:31:09'),
(885, 'Bagno', NULL, 101, 8, '2020-11-19 14:31:09', '2020-11-19 14:31:09'),
(886, 'Bagno', NULL, 102, 8, '2020-11-19 14:31:09', '2020-11-19 14:31:09'),
(887, 'Bagno', NULL, 103, 8, '2020-11-19 14:31:09', '2020-11-19 14:31:09'),
(888, 'Bagno', NULL, 104, 8, '2020-11-19 14:31:09', '2020-11-19 14:31:09'),
(889, 'Bagno', NULL, 105, 8, '2020-11-19 14:31:09', '2020-11-19 14:31:09'),
(890, 'Bagno', NULL, 101, 9, '2020-11-19 14:31:09', '2020-11-19 14:31:09'),
(891, 'Bagno', NULL, 102, 9, '2020-11-19 14:31:10', '2020-11-19 14:31:10'),
(892, 'Bagno', NULL, 103, 9, '2020-11-19 14:31:10', '2020-11-19 14:31:10'),
(893, 'Bagno', NULL, 104, 9, '2020-11-19 14:31:10', '2020-11-19 14:31:10'),
(894, 'Bagno', NULL, 105, 9, '2020-11-19 14:31:10', '2020-11-19 14:31:10'),
(895, 'Bagno', NULL, 101, 10, '2020-11-19 14:31:10', '2020-11-19 14:31:10'),
(896, 'Bagno', NULL, 102, 10, '2020-11-19 14:31:10', '2020-11-19 14:31:10'),
(897, 'Bagno', NULL, 103, 10, '2020-11-19 14:31:10', '2020-11-19 14:31:10'),
(898, 'Bagno', NULL, 104, 10, '2020-11-19 14:31:10', '2020-11-19 14:31:10'),
(899, 'Bagno', NULL, 105, 10, '2020-11-19 14:31:10', '2020-11-19 14:31:10'),
(900, 'Bagno', NULL, 101, 11, '2020-11-19 14:31:10', '2020-11-19 14:31:10'),
(901, 'Bagno', NULL, 102, 11, '2020-11-19 14:31:10', '2020-11-19 14:31:10'),
(902, 'Bagno', NULL, 103, 11, '2020-11-19 14:31:10', '2020-11-19 14:31:10'),
(903, 'Bagno', NULL, 104, 11, '2020-11-19 14:31:10', '2020-11-19 14:31:10'),
(904, 'Bagno', NULL, 105, 11, '2020-11-19 14:31:10', '2020-11-19 14:31:10'),
(905, 'Bagno', NULL, 101, 12, '2020-11-19 14:31:10', '2020-11-19 14:31:10'),
(906, 'Bagno', NULL, 102, 12, '2020-11-19 14:31:10', '2020-11-19 14:31:10'),
(907, 'Bagno', NULL, 103, 12, '2020-11-19 14:31:10', '2020-11-19 14:31:10'),
(908, 'Bagno', NULL, 104, 12, '2020-11-19 14:31:10', '2020-11-19 14:31:10'),
(909, 'Bagno', NULL, 105, 12, '2020-11-19 14:31:10', '2020-11-19 14:31:10'),
(910, 'Corridoio', 'Interno', 1, 1, '2020-11-19 14:31:10', '2020-11-19 14:31:10'),
(911, 'Corridoio', 'Interno', 2, 1, '2020-11-19 14:31:10', '2020-11-19 14:31:10'),
(912, 'Corridoio', 'Interno', 3, 1, '2020-11-19 14:31:10', '2020-11-19 14:31:10'),
(913, 'Corridoio', 'Interno', 4, 1, '2020-11-19 14:31:10', '2020-11-19 14:31:10'),
(914, 'Corridoio', 'Interno', 5, 1, '2020-11-19 14:31:10', '2020-11-19 14:31:10'),
(915, 'Corridoio', 'Interno', 1, 2, '2020-11-19 14:31:10', '2020-11-19 14:31:10'),
(916, 'Corridoio', 'Interno', 2, 2, '2020-11-19 14:31:10', '2020-11-19 14:31:10'),
(917, 'Corridoio', 'Interno', 3, 2, '2020-11-19 14:31:10', '2020-11-19 14:31:10'),
(918, 'Corridoio', 'Interno', 4, 2, '2020-11-19 14:31:10', '2020-11-19 14:31:10'),
(919, 'Corridoio', 'Interno', 5, 2, '2020-11-19 14:31:10', '2020-11-19 14:31:10'),
(920, 'Corridoio', 'Interno', 1, 3, '2020-11-19 14:31:10', '2020-11-19 14:31:10'),
(921, 'Corridoio', 'Interno', 2, 3, '2020-11-19 14:31:10', '2020-11-19 14:31:10'),
(922, 'Corridoio', 'Interno', 3, 3, '2020-11-19 14:31:10', '2020-11-19 14:31:10'),
(923, 'Corridoio', 'Interno', 4, 3, '2020-11-19 14:31:10', '2020-11-19 14:31:10'),
(924, 'Corridoio', 'Interno', 5, 3, '2020-11-19 14:31:10', '2020-11-19 14:31:10'),
(925, 'Corridoio', 'Interno', 1, 4, '2020-11-19 14:31:10', '2020-11-19 14:31:10'),
(926, 'Corridoio', 'Interno', 2, 4, '2020-11-19 14:31:10', '2020-11-19 14:31:10'),
(927, 'Corridoio', 'Interno', 3, 4, '2020-11-19 14:31:10', '2020-11-19 14:31:10'),
(928, 'Corridoio', 'Interno', 4, 4, '2020-11-19 14:31:10', '2020-11-19 14:31:10'),
(929, 'Corridoio', 'Interno', 5, 4, '2020-11-19 14:31:10', '2020-11-19 14:31:10'),
(930, 'Corridoio', 'Interno', 1, 5, '2020-11-19 14:31:10', '2020-11-19 14:31:10'),
(931, 'Corridoio', 'Interno', 2, 5, '2020-11-19 14:31:10', '2020-11-19 14:31:10'),
(932, 'Corridoio', 'Interno', 3, 5, '2020-11-19 14:31:10', '2020-11-19 14:31:10'),
(933, 'Corridoio', 'Interno', 4, 5, '2020-11-19 14:31:10', '2020-11-19 14:31:10'),
(934, 'Corridoio', 'Interno', 5, 5, '2020-11-19 14:31:10', '2020-11-19 14:31:10'),
(935, 'Corridoio', 'Interno', 1, 6, '2020-11-19 14:31:10', '2020-11-19 14:31:10'),
(936, 'Corridoio', 'Interno', 2, 6, '2020-11-19 14:31:10', '2020-11-19 14:31:10'),
(937, 'Corridoio', 'Interno', 3, 6, '2020-11-19 14:31:10', '2020-11-19 14:31:10'),
(938, 'Corridoio', 'Interno', 4, 6, '2020-11-19 14:31:10', '2020-11-19 14:31:10'),
(939, 'Corridoio', 'Interno', 5, 6, '2020-11-19 14:31:10', '2020-11-19 14:31:10'),
(940, 'Corridoio', 'Interno', 1, 7, '2020-11-19 14:31:10', '2020-11-19 14:31:10'),
(941, 'Corridoio', 'Interno', 2, 7, '2020-11-19 14:31:10', '2020-11-19 14:31:10'),
(942, 'Corridoio', 'Interno', 3, 7, '2020-11-19 14:31:10', '2020-11-19 14:31:10'),
(943, 'Corridoio', 'Interno', 4, 7, '2020-11-19 14:31:10', '2020-11-19 14:31:10'),
(944, 'Corridoio', 'Interno', 5, 7, '2020-11-19 14:31:10', '2020-11-19 14:31:10'),
(945, 'Corridoio', 'Interno', 1, 8, '2020-11-19 14:31:10', '2020-11-19 14:31:10'),
(946, 'Corridoio', 'Interno', 2, 8, '2020-11-19 14:31:10', '2020-11-19 14:31:10'),
(947, 'Corridoio', 'Interno', 3, 8, '2020-11-19 14:31:10', '2020-11-19 14:31:10'),
(948, 'Corridoio', 'Interno', 4, 8, '2020-11-19 14:31:10', '2020-11-19 14:31:10'),
(949, 'Corridoio', 'Interno', 5, 8, '2020-11-19 14:31:10', '2020-11-19 14:31:10'),
(950, 'Corridoio', 'Interno', 1, 9, '2020-11-19 14:31:10', '2020-11-19 14:31:10'),
(951, 'Corridoio', 'Interno', 2, 9, '2020-11-19 14:31:10', '2020-11-19 14:31:10'),
(952, 'Corridoio', 'Interno', 3, 9, '2020-11-19 14:31:10', '2020-11-19 14:31:10'),
(953, 'Corridoio', 'Interno', 4, 9, '2020-11-19 14:31:10', '2020-11-19 14:31:10'),
(954, 'Corridoio', 'Interno', 5, 9, '2020-11-19 14:31:10', '2020-11-19 14:31:10'),
(955, 'Corridoio', 'Interno', 1, 10, '2020-11-19 14:31:10', '2020-11-19 14:31:10'),
(956, 'Corridoio', 'Interno', 2, 10, '2020-11-19 14:31:10', '2020-11-19 14:31:10'),
(957, 'Corridoio', 'Interno', 3, 10, '2020-11-19 14:31:10', '2020-11-19 14:31:10'),
(958, 'Corridoio', 'Interno', 4, 10, '2020-11-19 14:31:10', '2020-11-19 14:31:10'),
(959, 'Corridoio', 'Interno', 5, 10, '2020-11-19 14:31:10', '2020-11-19 14:31:10'),
(960, 'Corridoio', 'Interno', 1, 11, '2020-11-19 14:31:10', '2020-11-19 14:31:10'),
(961, 'Corridoio', 'Interno', 2, 11, '2020-11-19 14:31:10', '2020-11-19 14:31:10'),
(962, 'Corridoio', 'Interno', 3, 11, '2020-11-19 14:31:10', '2020-11-19 14:31:10'),
(963, 'Corridoio', 'Interno', 4, 11, '2020-11-19 14:31:10', '2020-11-19 14:31:10'),
(964, 'Corridoio', 'Interno', 5, 11, '2020-11-19 14:31:10', '2020-11-19 14:31:10'),
(965, 'Corridoio', 'Interno', 1, 12, '2020-11-19 14:31:10', '2020-11-19 14:31:10'),
(966, 'Corridoio', 'Interno', 2, 12, '2020-11-19 14:31:10', '2020-11-19 14:31:10'),
(967, 'Corridoio', 'Interno', 3, 12, '2020-11-19 14:31:10', '2020-11-19 14:31:10'),
(968, 'Corridoio', 'Interno', 4, 12, '2020-11-19 14:31:10', '2020-11-19 14:31:10'),
(969, 'Corridoio', 'Interno', 5, 12, '2020-11-19 14:31:10', '2020-11-19 14:31:10'),
(970, 'Segreteria', NULL, 1, 1, '2020-11-19 14:31:10', '2020-11-19 14:31:10'),
(971, 'Segreteria', NULL, 1, 2, '2020-11-19 14:31:10', '2020-11-19 14:31:10'),
(972, 'Segreteria', NULL, 1, 3, '2020-11-19 14:31:10', '2020-11-19 14:31:10'),
(973, 'Segreteria', NULL, 1, 4, '2020-11-19 14:31:10', '2020-11-19 14:31:10'),
(974, 'Segreteria', NULL, 1, 5, '2020-11-19 14:31:10', '2020-11-19 14:31:10'),
(975, 'Segreteria', NULL, 1, 6, '2020-11-19 14:31:10', '2020-11-19 14:31:10'),
(976, 'Segreteria', NULL, 1, 7, '2020-11-19 14:31:10', '2020-11-19 14:31:10'),
(977, 'Segreteria', NULL, 1, 8, '2020-11-19 14:31:10', '2020-11-19 14:31:10'),
(978, 'Segreteria', NULL, 1, 9, '2020-11-19 14:31:10', '2020-11-19 14:31:10'),
(979, 'Segreteria', NULL, 1, 10, '2020-11-19 14:31:10', '2020-11-19 14:31:10'),
(980, 'Segreteria', NULL, 1, 11, '2020-11-19 14:31:10', '2020-11-19 14:31:10'),
(981, 'Segreteria', NULL, 1, 12, '2020-11-19 14:31:10', '2020-11-19 14:31:10'),
(982, 'Ufficio', NULL, 101, 1, '2020-11-19 14:31:10', '2020-11-19 14:31:10'),
(983, 'Ufficio', NULL, 102, 1, '2020-11-19 14:31:10', '2020-11-19 14:31:10'),
(984, 'Ufficio', NULL, 103, 1, '2020-11-19 14:31:10', '2020-11-19 14:31:10'),
(985, 'Ufficio', NULL, 104, 1, '2020-11-19 14:31:10', '2020-11-19 14:31:10'),
(986, 'Ufficio', NULL, 105, 1, '2020-11-19 14:31:10', '2020-11-19 14:31:10'),
(987, 'Ufficio', NULL, 101, 2, '2020-11-19 14:31:10', '2020-11-19 14:31:10'),
(988, 'Ufficio', NULL, 102, 2, '2020-11-19 14:31:10', '2020-11-19 14:31:10'),
(989, 'Ufficio', NULL, 103, 2, '2020-11-19 14:31:10', '2020-11-19 14:31:10'),
(990, 'Ufficio', NULL, 104, 2, '2020-11-19 14:31:10', '2020-11-19 14:31:10'),
(991, 'Ufficio', NULL, 105, 2, '2020-11-19 14:31:10', '2020-11-19 14:31:10'),
(992, 'Ufficio', NULL, 101, 3, '2020-11-19 14:31:10', '2020-11-19 14:31:10'),
(993, 'Ufficio', NULL, 102, 3, '2020-11-19 14:31:10', '2020-11-19 14:31:10'),
(994, 'Ufficio', NULL, 103, 3, '2020-11-19 14:31:10', '2020-11-19 14:31:10'),
(995, 'Ufficio', NULL, 104, 3, '2020-11-19 14:31:10', '2020-11-19 14:31:10'),
(996, 'Ufficio', NULL, 105, 3, '2020-11-19 14:31:10', '2020-11-19 14:31:10'),
(997, 'Ufficio', NULL, 101, 4, '2020-11-19 14:31:10', '2020-11-19 14:31:10'),
(998, 'Ufficio', NULL, 102, 4, '2020-11-19 14:31:10', '2020-11-19 14:31:10'),
(999, 'Ufficio', NULL, 103, 4, '2020-11-19 14:31:10', '2020-11-19 14:31:10'),
(1000, 'Ufficio', NULL, 104, 4, '2020-11-19 14:31:10', '2020-11-19 14:31:10'),
(1001, 'Ufficio', NULL, 105, 4, '2020-11-19 14:31:10', '2020-11-19 14:31:10'),
(1002, 'Ufficio', NULL, 101, 5, '2020-11-19 14:31:10', '2020-11-19 14:31:10'),
(1003, 'Ufficio', NULL, 102, 5, '2020-11-19 14:31:10', '2020-11-19 14:31:10'),
(1004, 'Ufficio', NULL, 103, 5, '2020-11-19 14:31:10', '2020-11-19 14:31:10'),
(1005, 'Ufficio', NULL, 104, 5, '2020-11-19 14:31:10', '2020-11-19 14:31:10'),
(1006, 'Ufficio', NULL, 105, 5, '2020-11-19 14:31:10', '2020-11-19 14:31:10'),
(1007, 'Ufficio', NULL, 101, 6, '2020-11-19 14:31:10', '2020-11-19 14:31:10'),
(1008, 'Ufficio', NULL, 102, 6, '2020-11-19 14:31:10', '2020-11-19 14:31:10'),
(1009, 'Ufficio', NULL, 103, 6, '2020-11-19 14:31:10', '2020-11-19 14:31:10'),
(1010, 'Ufficio', NULL, 104, 6, '2020-11-19 14:31:10', '2020-11-19 14:31:10'),
(1011, 'Ufficio', NULL, 105, 6, '2020-11-19 14:31:10', '2020-11-19 14:31:10'),
(1012, 'Ufficio', NULL, 101, 7, '2020-11-19 14:31:10', '2020-11-19 14:31:10'),
(1013, 'Ufficio', NULL, 102, 7, '2020-11-19 14:31:10', '2020-11-19 14:31:10'),
(1014, 'Ufficio', NULL, 103, 7, '2020-11-19 14:31:10', '2020-11-19 14:31:10'),
(1015, 'Ufficio', NULL, 104, 7, '2020-11-19 14:31:10', '2020-11-19 14:31:10'),
(1016, 'Ufficio', NULL, 105, 7, '2020-11-19 14:31:10', '2020-11-19 14:31:10'),
(1017, 'Ufficio', NULL, 101, 8, '2020-11-19 14:31:10', '2020-11-19 14:31:10'),
(1018, 'Ufficio', NULL, 102, 8, '2020-11-19 14:31:10', '2020-11-19 14:31:10'),
(1019, 'Ufficio', NULL, 103, 8, '2020-11-19 14:31:10', '2020-11-19 14:31:10'),
(1020, 'Ufficio', NULL, 104, 8, '2020-11-19 14:31:10', '2020-11-19 14:31:10'),
(1021, 'Ufficio', NULL, 105, 8, '2020-11-19 14:31:10', '2020-11-19 14:31:10'),
(1022, 'Ufficio', NULL, 101, 9, '2020-11-19 14:31:10', '2020-11-19 14:31:10'),
(1023, 'Ufficio', NULL, 102, 9, '2020-11-19 14:31:10', '2020-11-19 14:31:10'),
(1024, 'Ufficio', NULL, 103, 9, '2020-11-19 14:31:10', '2020-11-19 14:31:10'),
(1025, 'Ufficio', NULL, 104, 9, '2020-11-19 14:31:10', '2020-11-19 14:31:10'),
(1026, 'Ufficio', NULL, 105, 9, '2020-11-19 14:31:10', '2020-11-19 14:31:10'),
(1027, 'Ufficio', NULL, 101, 10, '2020-11-19 14:31:10', '2020-11-19 14:31:10'),
(1028, 'Ufficio', NULL, 102, 10, '2020-11-19 14:31:10', '2020-11-19 14:31:10'),
(1029, 'Ufficio', NULL, 103, 10, '2020-11-19 14:31:10', '2020-11-19 14:31:10'),
(1030, 'Ufficio', NULL, 104, 10, '2020-11-19 14:31:10', '2020-11-19 14:31:10'),
(1031, 'Ufficio', NULL, 105, 10, '2020-11-19 14:31:10', '2020-11-19 14:31:10'),
(1032, 'Ufficio', NULL, 101, 11, '2020-11-19 14:31:10', '2020-11-19 14:31:10'),
(1033, 'Ufficio', NULL, 102, 11, '2020-11-19 14:31:10', '2020-11-19 14:31:10'),
(1034, 'Ufficio', NULL, 103, 11, '2020-11-19 14:31:10', '2020-11-19 14:31:10'),
(1035, 'Ufficio', NULL, 104, 11, '2020-11-19 14:31:10', '2020-11-19 14:31:10'),
(1036, 'Ufficio', NULL, 105, 11, '2020-11-19 14:31:10', '2020-11-19 14:31:10'),
(1037, 'Ufficio', NULL, 101, 12, '2020-11-19 14:31:10', '2020-11-19 14:31:10'),
(1038, 'Ufficio', NULL, 102, 12, '2020-11-19 14:31:10', '2020-11-19 14:31:10'),
(1039, 'Ufficio', NULL, 103, 12, '2020-11-19 14:31:10', '2020-11-19 14:31:10'),
(1040, 'Ufficio', NULL, 104, 12, '2020-11-19 14:31:10', '2020-11-19 14:31:10'),
(1041, 'Ufficio', NULL, 105, 12, '2020-11-19 14:31:10', '2020-11-19 14:31:10'),
(1042, 'Biblioteca', NULL, 1, 1, '2020-11-19 14:31:10', '2020-11-19 14:31:10'),
(1043, 'Biblioteca', NULL, 1, 2, '2020-11-19 14:31:10', '2020-11-19 14:31:10'),
(1044, 'Biblioteca', NULL, 1, 3, '2020-11-19 14:31:10', '2020-11-19 14:31:10'),
(1045, 'Biblioteca', NULL, 1, 4, '2020-11-19 14:31:10', '2020-11-19 14:31:10'),
(1046, 'Biblioteca', NULL, 1, 5, '2020-11-19 14:31:10', '2020-11-19 14:31:10'),
(1047, 'Biblioteca', NULL, 1, 6, '2020-11-19 14:31:10', '2020-11-19 14:31:10'),
(1048, 'Biblioteca', NULL, 1, 7, '2020-11-19 14:31:10', '2020-11-19 14:31:10'),
(1049, 'Biblioteca', NULL, 1, 8, '2020-11-19 14:31:10', '2020-11-19 14:31:10'),
(1050, 'Biblioteca', NULL, 1, 9, '2020-11-19 14:31:10', '2020-11-19 14:31:10'),
(1051, 'Biblioteca', NULL, 1, 10, '2020-11-19 14:31:10', '2020-11-19 14:31:10'),
(1052, 'Biblioteca', NULL, 1, 11, '2020-11-19 14:31:10', '2020-11-19 14:31:10'),
(1053, 'Biblioteca', NULL, 1, 12, '2020-11-19 14:31:10', '2020-11-19 14:31:10'),
(1054, 'Biblioteca', NULL, 2, 1, '2020-11-19 14:31:10', '2020-11-19 14:31:10'),
(1055, 'Biblioteca', NULL, 2, 2, '2020-11-19 14:31:10', '2020-11-19 14:31:10'),
(1056, 'Biblioteca', NULL, 2, 3, '2020-11-19 14:31:10', '2020-11-19 14:31:10'),
(1057, 'Biblioteca', NULL, 2, 4, '2020-11-19 14:31:10', '2020-11-19 14:31:10'),
(1058, 'Biblioteca', NULL, 2, 5, '2020-11-19 14:31:10', '2020-11-19 14:31:10'),
(1059, 'Biblioteca', NULL, 2, 6, '2020-11-19 14:31:10', '2020-11-19 14:31:10'),
(1060, 'Biblioteca', NULL, 2, 7, '2020-11-19 14:31:10', '2020-11-19 14:31:10'),
(1061, 'Biblioteca', NULL, 2, 8, '2020-11-19 14:31:10', '2020-11-19 14:31:10'),
(1062, 'Biblioteca', NULL, 2, 9, '2020-11-19 14:31:10', '2020-11-19 14:31:10'),
(1063, 'Biblioteca', NULL, 2, 10, '2020-11-19 14:31:10', '2020-11-19 14:31:10'),
(1064, 'Biblioteca', NULL, 2, 11, '2020-11-19 14:31:10', '2020-11-19 14:31:10'),
(1065, 'Biblioteca', NULL, 2, 12, '2020-11-19 14:31:10', '2020-11-19 14:31:10'),
(1066, 'Laboratorio', 'Geocartografico', 1, 1, '2020-11-19 14:31:10', '2020-11-19 14:31:10'),
(1067, 'Laboratorio', 'Informatico', 1, 1, '2020-11-19 14:31:10', '2020-11-19 14:31:10'),
(1068, 'Laboratorio', 'Audiovisivo', 1, 1, '2020-11-19 14:31:10', '2020-11-19 14:31:10'),
(1069, 'Laboratorio', 'Informatico', 1, 2, '2020-11-19 14:31:10', '2020-11-19 14:31:10'),
(1070, 'Laboratorio', 'Linguistico', 1, 2, '2020-11-19 14:31:10', '2020-11-19 14:31:10'),
(1071, 'Laboratorio', 'Informatico', 1, 3, '2020-11-19 14:31:10', '2020-11-19 14:31:10'),
(1072, 'Laboratorio', 'Fisica Tecnica', 1, 4, '2020-11-19 14:31:10', '2020-11-19 14:31:10'),
(1073, 'Laboratorio', 'Fisica Tecnica', 2, 4, '2020-11-19 14:31:10', '2020-11-19 14:31:10'),
(1074, 'Laboratorio', 'Geotecnica', 1, 4, '2020-11-19 14:31:10', '2020-11-19 14:31:10'),
(1075, 'Laboratorio', 'Idraulica', 1, 4, '2020-11-19 14:31:10', '2020-11-19 14:31:10'),
(1076, 'Laboratorio', '4R', 1, 4, '2020-11-19 14:31:10', '2020-11-19 14:31:10'),
(1077, 'Laboratorio', 'Prove Materiali', 1, 4, '2020-11-19 14:31:10', '2020-11-19 14:31:10'),
(1078, 'Laboratorio', 'Informatico', 1, 4, '2020-11-19 14:31:10', '2020-11-19 14:31:10'),
(1079, 'Laboratorio', 'Automazione e Robotica', 1, 4, '2020-11-19 14:31:10', '2020-11-19 14:31:10'),
(1080, 'Laboratorio', 'CAD Elettronico', 1, 4, '2020-11-19 14:31:10', '2020-11-19 14:31:10'),
(1081, 'Laboratorio', 'Comunicazione Wireless', 1, 4, '2020-11-19 14:31:10', '2020-11-19 14:31:10'),
(1082, 'Laboratorio', 'Crescita Materiali Organici e Compositi', 1, 4, '2020-11-19 14:31:10', '2020-11-19 14:31:10'),
(1083, 'Laboratorio', 'Controlli Automatici', 1, 4, '2020-11-19 14:31:10', '2020-11-19 14:31:10'),
(1084, 'Laboratorio', 'Elettronica', 1, 4, '2020-11-19 14:31:10', '2020-11-19 14:31:10'),
(1085, 'Laboratorio', 'Elettronica delle Microonde', 1, 4, '2020-11-19 14:31:10', '2020-11-19 14:31:10'),
(1086, 'Laboratorio', 'Dispositivi e Sistemi Elettronici', 1, 4, '2020-11-19 14:31:10', '2020-11-19 14:31:10'),
(1087, 'Laboratorio', 'Elettromagnetismo Computazionale', 1, 4, '2020-11-19 14:31:10', '2020-11-19 14:31:10'),
(1088, 'Laboratorio', 'Magnetismo', 1, 4, '2020-11-19 14:31:10', '2020-11-19 14:31:10'),
(1089, 'Laboratorio', 'Misure elettriche ed elettroniche', 1, 4, '2020-11-19 14:31:10', '2020-11-19 14:31:10'),
(1090, 'Laboratorio', 'Sistemi Embedded', 1, 4, '2020-11-19 14:31:10', '2020-11-19 14:31:10'),
(1091, 'Laboratorio', 'Convertitori e Azionamenti Elettrici', 1, 4, '2020-11-19 14:31:10', '2020-11-19 14:31:10'),
(1092, 'Laboratorio', 'Macchine e sistemi per l’energia e l’ambiente', 1, 4, '2020-11-19 14:31:10', '2020-11-19 14:31:10'),
(1093, 'Laboratorio', 'Materiali Polimerici', 1, 4, '2020-11-19 14:31:10', '2020-11-19 14:31:10'),
(1094, 'Laboratorio', 'Meccanica', 1, 4, '2020-11-19 14:31:10', '2020-11-19 14:31:10'),
(1095, 'Laboratorio', 'Microscopia Ottica', 1, 4, '2020-11-19 14:31:10', '2020-11-19 14:31:10'),
(1096, 'Laboratorio', 'Morfologia', 1, 4, '2020-11-19 14:31:10', '2020-11-19 14:31:10'),
(1097, 'Laboratorio', 'Vibrometria', 1, 4, '2020-11-19 14:31:10', '2020-11-19 14:31:10'),
(1098, 'Laboratorio', 'Fisioterapia', 1, 5, '2020-11-19 14:31:10', '2020-11-19 14:31:10'),
(1099, 'Laboratorio', 'Infermieristica', 1, 5, '2020-11-19 14:31:10', '2020-11-19 14:31:10'),
(1100, 'Laboratorio', 'Neurofisiopatologia', 1, 5, '2020-11-19 14:31:10', '2020-11-19 14:31:10'),
(1101, 'Laboratorio', 'Infermieristica Pediatrica', 1, 6, '2020-11-19 14:31:10', '2020-11-19 14:31:10'),
(1102, 'Laboratorio', 'Logopedia', 1, 6, '2020-11-19 14:31:10', '2020-11-19 14:31:10'),
(1103, 'Laboratorio', 'Ostetrico', 1, 6, '2020-11-19 14:31:10', '2020-11-19 14:31:10'),
(1104, 'Laboratorio', 'Biomedico', 1, 7, '2020-11-19 14:31:10', '2020-11-19 14:31:10'),
(1105, 'Laboratorio', 'Biotecnologico', 1, 7, '2020-11-19 14:31:10', '2020-11-19 14:31:10'),
(1106, 'Laboratorio', 'Radiologico', 1, 7, '2020-11-19 14:31:10', '2020-11-19 14:31:10'),
(1107, 'Laboratorio', 'Gastronomico', 1, 7, '2020-11-19 14:31:10', '2020-11-19 14:31:10'),
(1108, 'Laboratorio', 'Ottico', 1, 7, '2020-11-19 14:31:10', '2020-11-19 14:31:10'),
(1109, 'Laboratorio', 'Nanotecnologie', 1, 8, '2020-11-19 14:31:10', '2020-11-19 14:31:10'),
(1110, 'Laboratorio', 'Genetico', 1, 8, '2020-11-19 14:31:10', '2020-11-19 14:31:10'),
(1111, 'Laboratorio', 'Zoologia', 1, 8, '2020-11-19 14:31:10', '2020-11-19 14:31:10'),
(1112, 'Laboratorio', 'Chimica Ambientale', 1, 8, '2020-11-19 14:31:10', '2020-11-19 14:31:10'),
(1113, 'Laboratorio', 'Catalisi', 1, 8, '2020-11-19 14:31:10', '2020-11-19 14:31:10'),
(1114, 'Laboratorio', 'Chimica', 1, 8, '2020-11-19 14:31:10', '2020-11-19 14:31:10'),
(1115, 'Laboratorio', 'Tecnologia Farmaceutica', 1, 8, '2020-11-19 14:31:10', '2020-11-19 14:31:10'),
(1116, 'Laboratorio', 'Estrazioni', 1, 8, '2020-11-19 14:31:10', '2020-11-19 14:31:10'),
(1117, 'Laboratorio', 'Neuropsicologia', 1, 9, '2020-11-19 14:31:10', '2020-11-19 14:31:10'),
(1118, 'Laboratorio', 'Psicologia Sperimentale', 1, 9, '2020-11-19 14:31:10', '2020-11-19 14:31:10'),
(1119, 'Laboratorio', 'Psicofisiologia', 1, 9, '2020-11-19 14:31:10', '2020-11-19 14:31:10'),
(1120, 'Laboratorio', 'Fisica Nucleare', 1, 10, '2020-11-19 14:31:10', '2020-11-19 14:31:10'),
(1121, 'Laboratorio', 'Informatico', 1, 10, '2020-11-19 14:31:10', '2020-11-19 14:31:10'),
(1122, 'Laboratorio', 'Sistemi Operativi', 1, 10, '2020-11-19 14:31:10', '2020-11-19 14:31:10'),
(1123, 'Laboratorio', 'Fisica', 1, 10, '2020-11-19 14:31:10', '2020-11-19 14:31:10'),
(1124, 'Laboratorio', 'Elettronica', 1, 10, '2020-11-19 14:31:10', '2020-11-19 14:31:10'),
(1125, 'Laboratorio', 'Geochimica', 1, 10, '2020-11-19 14:31:10', '2020-11-19 14:31:10'),
(1126, 'Laboratorio', 'Fisica Nucleare', 1, 10, '2020-11-19 14:31:10', '2020-11-19 14:31:10'),
(1127, 'Laboratorio', 'Sociologia', 1, 11, '2020-11-19 14:31:10', '2020-11-19 14:31:10'),
(1128, 'Laboratorio', 'Malattie Parassitarie', 1, 12, '2020-11-19 14:31:10', '2020-11-19 14:31:10'),
(1129, 'Laboratorio', 'Patologia Veterinaria', 1, 12, '2020-11-19 14:31:10', '2020-11-19 14:31:10'),
(1130, 'Laboratorio', 'Biochimica Veterinaria', 1, 12, '2020-11-19 14:31:10', '2020-11-19 14:31:10'),
(1131, 'Laboratorio', 'Fisiologia Veterinaria', 1, 12, '2020-11-19 14:31:10', '2020-11-19 14:31:10');

-- --------------------------------------------------------

--
-- Struttura della tabella `migrations`
--

CREATE TABLE `migrations` (
  `id` int(10) UNSIGNED NOT NULL,
  `migration` varchar(255) COLLATE utf8mb4_unicode_ci NOT NULL,
  `batch` int(11) NOT NULL
) ENGINE=InnoDB DEFAULT CHARSET=utf8mb4 COLLATE=utf8mb4_unicode_ci;

--
-- Dump dei dati per la tabella `migrations`
--

INSERT INTO `migrations` (`id`, `migration`, `batch`) VALUES
(1, '2014_10_12_000000_create_users_table', 1),
(2, '2014_10_12_100000_create_password_resets_table', 1),
(3, '2014_10_12_200000_add_two_factor_columns_to_users_table', 1),
(4, '2019_08_19_000000_create_failed_jobs_table', 1),
(5, '2019_12_14_000001_create_personal_access_tokens_table', 1),
(6, '2020_10_30_090727_create_sessions_table', 1),
(7, '2020_10_30_093700_create_utente', 1),
(8, '2020_10_30_095334_create_direttore', 1),
(9, '2020_10_30_095552_create_dipartimento', 1),
(10, '2020_10_30_095941_create_categoria', 1),
(11, '2020_11_04_110814_create_tecnico', 2),
(12, '2020_10_30_162438_create_personale_docente', 3),
(13, '2020_11_04_111608_create_problema', 4);

-- --------------------------------------------------------

--
-- Struttura della tabella `password_resets`
--

CREATE TABLE `password_resets` (
  `email` varchar(255) COLLATE utf8mb4_unicode_ci NOT NULL,
  `token` varchar(255) COLLATE utf8mb4_unicode_ci NOT NULL,
  `created_at` timestamp NULL DEFAULT NULL
) ENGINE=InnoDB DEFAULT CHARSET=utf8mb4 COLLATE=utf8mb4_unicode_ci;

-- --------------------------------------------------------

--
-- Struttura della tabella `personale_docente`
--

CREATE TABLE `personale_docente` (
  `id` int(10) UNSIGNED NOT NULL,
  `nome` varchar(255) COLLATE utf8mb4_unicode_ci NOT NULL,
  `cognome` varchar(255) COLLATE utf8mb4_unicode_ci NOT NULL,
  `email` varchar(255) COLLATE utf8mb4_unicode_ci NOT NULL,
  `numero_di_telefono` varchar(255) COLLATE utf8mb4_unicode_ci DEFAULT NULL,
  `id_locale` int(10) UNSIGNED NOT NULL,
  `created_at` timestamp NULL DEFAULT NULL,
  `updated_at` timestamp NULL DEFAULT NULL
) ENGINE=InnoDB DEFAULT CHARSET=utf8mb4 COLLATE=utf8mb4_unicode_ci;

--
-- Dump dei dati per la tabella `personale_docente`
--

INSERT INTO `personale_docente` (`id`, `nome`, `cognome`, `email`, `numero_di_telefono`, `id_locale`, `created_at`, `updated_at`) VALUES
(1, 'Alessandro', 'Arangio', 'alessandro.arangio@unime.it', NULL, 983, '2020-11-19 14:44:09', '2020-11-19 14:44:09'),
(2, 'Antonino', 'Baglio', 'antonino.baglio@unime.it', NULL, 985, '2020-11-19 14:44:09', '2020-11-19 14:44:09'),
(3, 'Giuseppe', 'Caridi', 'giuseppe.caridi@unime.it', NULL, 1067, '2020-11-19 14:44:09', '2020-11-19 14:44:09'),
(4, 'Gustavo', 'Barresi', 'gustavo.barresi@unime.it', NULL, 987, '2020-11-19 14:44:09', '2020-11-19 14:44:09'),
(5, 'Antonino', 'Costa', 'antonino.costa@unime.it', NULL, 989, '2020-11-19 14:44:09', '2020-11-19 14:44:09'),
(6, 'Grazia', 'Calabrò', 'grazia.calabro@unime.it', NULL, 1070, '2020-11-19 14:44:09', '2020-11-19 14:44:09'),
(7, 'Elena', 'La Rosa', 'elena.larosa@unime.it', NULL, 992, '2020-11-19 14:44:09', '2020-11-19 14:44:09'),
(8, 'Carmela', 'Panella', 'carmela.panella@unime.it', NULL, 993, '2020-11-19 14:44:09', '2020-11-19 14:44:09'),
(9, 'Mario', 'Trimarchi', 'mario.trimarchi@unime.it', NULL, 1071, '2020-11-19 14:44:09', '2020-11-19 14:44:09'),
(10, 'Dario', 'Bruneo', 'dario.bruneo@unime.it', NULL, 997, '2020-11-19 14:44:09', '2020-11-19 14:44:09'),
(11, 'Marco Lucio', 'Scarpa', 'marcolucio.scarpa@unime.it', NULL, 1077, '2020-11-19 14:44:09', '2020-11-19 14:44:09'),
(12, 'Gioele', 'Bergamaschi', 'gioele.bergamaschi@unime.it', NULL, 1002, '2020-11-19 14:44:09', '2020-11-19 14:44:09'),
(13, 'Alessandro', 'Napolitano', 'alessandro.napolitano@unime.it', NULL, 1003, '2020-11-19 14:44:09', '2020-11-19 14:44:09'),
(14, 'Elisa', 'Milani', 'elisa.milani@unime.it', NULL, 1098, '2020-11-19 14:44:09', '2020-11-19 14:44:09'),
(15, 'Isabella', 'Manione', 'isabella.manione@unime.it', NULL, 1009, '2020-11-19 14:44:09', '2020-11-19 14:44:09'),
(16, 'Vincenzo', 'Adamo', 'vincenzo.adamo@unime.it', NULL, 1010, '2020-11-19 14:44:09', '2020-11-19 14:44:09'),
(17, 'Irene', 'Castagna', 'irene.castagna@unime.it', NULL, 1101, '2020-11-19 14:44:09', '2020-11-19 14:44:09'),
(18, 'Concetta', 'Beninadi', 'concetta.beninadi@unime.it', NULL, 1014, '2020-11-19 14:44:09', '2020-11-19 14:44:09'),
(19, 'Salvatore', 'Campo', 'salvatore.campo@unime.it', NULL, 1015, '2020-11-19 14:44:09', '2020-11-19 14:44:09'),
(20, 'Alessandra', 'Bitto', 'alessandra.bitto@unime.it', NULL, 1106, '2020-11-19 14:44:09', '2020-11-19 14:44:09'),
(21, 'Salvatore', 'Giacobbe', 'salvatore.giacobbe@unime.it', NULL, 1018, '2020-11-19 14:44:09', '2020-11-19 14:44:09'),
(22, 'Lorenzo', 'Torrisi', 'lorenzo.torrisi@unime.it', NULL, 1019, '2020-11-19 14:44:09', '2020-11-19 14:44:09'),
(23, 'Ester', 'Tellone', 'ester.tellone@unime.it', NULL, 1109, '2020-11-19 14:44:09', '2020-11-19 14:44:09'),
(24, 'Elvira', 'Assenza', 'elvira.assenza@unime.it', NULL, 1023, '2020-11-19 14:44:09', '2020-11-19 14:44:09'),
(25, 'Rosalia', 'Cavalieri', 'rosalia.cavalieri@unime.it', NULL, 1025, '2020-11-19 14:44:09', '2020-11-19 14:44:09'),
(26, 'Amelia', 'Gangemi', 'amelia.gangemi@unime.it', NULL, 1117, '2020-11-19 14:44:09', '2020-11-19 14:44:09'),
(27, 'Gina', 'Puccio', 'gina.puccio@unime.it', NULL, 1028, '2020-11-19 14:44:09', '2020-11-19 14:44:09'),
(28, 'Massimo', 'Villari', 'massimo.villari@unime.it', NULL, 1029, '2020-11-19 14:44:09', '2020-11-19 14:44:09'),
(29, 'Andrea', 'Nucita', 'andrea.nucita@unime.it', NULL, 1123, '2020-11-19 14:44:09', '2020-11-19 14:44:09'),
(30, 'Filadelfio', 'Mancuso', 'filadelfio.mancuso@unime.it', NULL, 1033, '2020-11-19 14:44:09', '2020-11-19 14:44:09'),
(31, 'Maurizio', 'Lisciarda', 'maurizio.lisciarda@unime.it', NULL, 1034, '2020-11-19 14:44:09', '2020-11-19 14:44:09'),
(32, 'Stefano', 'Morabito', 'stefano.morabito@unime.it', NULL, 1127, '2020-11-19 14:44:09', '2020-11-19 14:44:09'),
(33, 'Elisabetta', 'Giudice', 'elisabetta.giudice@unime.it', NULL, 1039, '2020-11-19 14:44:09', '2020-11-19 14:44:09'),
(34, 'Ugo', 'Muglia', 'ugo.muglia@unime.it', NULL, 1040, '2020-11-19 14:44:09', '2020-11-19 14:44:09'),
(35, 'Giuseppe', 'Cucinotta', 'giuseppe.cucinotta@unime.it', NULL, 1131, '2020-11-19 14:44:09', '2020-11-19 14:44:09'),
(36, 'Antonio', 'Puliafito', 'antonio.puliafito@unime.it', NULL, 1029, '2020-11-19 14:44:09', '2020-11-19 14:44:09'),
(37, 'Rita', 'Ardizzone', 'rita.ardizzone@unime.it', NULL, 1069, '2020-11-19 14:44:09', '2020-11-19 14:44:09'),
(38, 'Pierangelo', 'Grimaudo', 'pierangelo.grimaudo@unime.it', NULL, 1127, '2020-11-19 14:44:09', '2020-11-19 14:44:09'),
(39, 'Daniele', 'Tranchida', 'daniele.tranchida@unime.it', NULL, 1033, '2020-11-19 14:44:09', '2020-11-19 14:44:09'),
(40, 'Ferdinando', 'Ofria', 'ferdinando.ofria@unime.it', NULL, 1035, '2020-11-19 14:44:09', '2020-11-19 14:44:09'),
(41, 'Michele', 'Gaeta', 'gaeta.michele@unime.it', NULL, 1105, '2020-11-19 14:44:09', '2020-11-19 14:44:09'),
(42, 'Domenica', 'Altavilla', 'domenica.altavilla@unime.it', NULL, 1108, '2020-11-19 14:44:09', '2020-11-19 14:44:09'),
(43, 'Angela', 'Di Pietro ', '@angela.dipietro@unime.it', NULL, 1014, '2020-11-19 14:44:09', '2020-11-19 14:44:09'),
(44, 'Giuseppe', 'Ricciardi', 'giuseppe.ricciardi@unime.it', NULL, 999, '2020-11-19 14:44:09', '2020-11-19 14:44:09'),
(45, 'Roberta', 'Santoro', 'roberta.santoro@unime.it', NULL, 1080, '2020-11-19 14:44:09', '2020-11-19 14:44:09'),
(46, 'Giuseppe', 'Muscolino', 'giuseppe.muscolino@unime.it', NULL, 1084, '2020-11-19 14:44:09', '2020-11-19 14:44:09'),
(47, 'Giovanna', 'Vermiglio', 'giovanna.merviglio@unime.it', NULL, 1102, '2020-11-19 14:44:09', '2020-11-19 14:44:09'),
(48, 'Caterina', 'Malta', 'caterina.malta@unime.it', NULL, 1068, '2020-11-19 14:44:09', '2020-11-19 14:44:09');

-- --------------------------------------------------------

--
-- Struttura della tabella `personal_access_tokens`
--

CREATE TABLE `personal_access_tokens` (
  `id` bigint(20) UNSIGNED NOT NULL,
  `tokenable_type` varchar(255) COLLATE utf8mb4_unicode_ci NOT NULL,
  `tokenable_id` bigint(20) UNSIGNED NOT NULL,
  `name` varchar(255) COLLATE utf8mb4_unicode_ci NOT NULL,
  `token` varchar(64) COLLATE utf8mb4_unicode_ci NOT NULL,
  `abilities` text COLLATE utf8mb4_unicode_ci DEFAULT NULL,
  `last_used_at` timestamp NULL DEFAULT NULL,
  `created_at` timestamp NULL DEFAULT NULL,
  `updated_at` timestamp NULL DEFAULT NULL
) ENGINE=InnoDB DEFAULT CHARSET=utf8mb4 COLLATE=utf8mb4_unicode_ci;

-- --------------------------------------------------------

--
-- Struttura della tabella `problema`
--

CREATE TABLE `problema` (
  `id` int(10) UNSIGNED NOT NULL,
  `priorita` varchar(255) COLLATE utf8mb4_unicode_ci NOT NULL,
  `descrizione` varchar(255) COLLATE utf8mb4_unicode_ci NOT NULL,
  `id_utente` int(10) UNSIGNED DEFAULT NULL,
  `id_tecnico` int(10) UNSIGNED DEFAULT NULL,
  `id_docente` int(10) UNSIGNED DEFAULT NULL,
  `id_dipartimento` int(10) UNSIGNED DEFAULT NULL,
  `id_locale` int(10) UNSIGNED DEFAULT NULL,
  `id_categoria` int(10) UNSIGNED DEFAULT NULL,
  `stato` varchar(255) COLLATE utf8mb4_unicode_ci NOT NULL DEFAULT 'Incompleto',
  `created_at` timestamp NULL DEFAULT NULL,
  `updated_at` timestamp NULL DEFAULT NULL
) ENGINE=InnoDB DEFAULT CHARSET=utf8mb4 COLLATE=utf8mb4_unicode_ci;

--
-- Dump dei dati per la tabella `problema`
--

INSERT INTO `problema` (`id`, `priorita`, `descrizione`, `id_utente`, `id_tecnico`, `id_docente`, `id_dipartimento`, `id_locale`, `id_categoria`, `stato`, `created_at`, `updated_at`) VALUES
(2, 'Media', 'Ho notato un guasto al pc numero 36.', 2, NULL, NULL, 10, 704, 2, 'Incompleto', '2020-11-19 17:53:09', '2020-11-19 17:53:09'),
(3, 'Media', 'Nel mio ufficio è presente una crepa al muro.', NULL, NULL, 29, 10, 1028, 4, 'Incompleto', '2020-11-19 17:56:14', '2020-11-19 17:56:14');

-- --------------------------------------------------------

--
-- Struttura della tabella `sessions`
--

CREATE TABLE `sessions` (
  `id` varchar(255) COLLATE utf8mb4_unicode_ci NOT NULL,
  `user_id` bigint(20) UNSIGNED DEFAULT NULL,
  `ip_address` varchar(45) COLLATE utf8mb4_unicode_ci DEFAULT NULL,
  `user_agent` text COLLATE utf8mb4_unicode_ci DEFAULT NULL,
  `payload` text COLLATE utf8mb4_unicode_ci NOT NULL,
  `last_activity` int(11) NOT NULL
) ENGINE=InnoDB DEFAULT CHARSET=utf8mb4 COLLATE=utf8mb4_unicode_ci;

--
-- Dump dei dati per la tabella `sessions`
--

INSERT INTO `sessions` (`id`, `user_id`, `ip_address`, `user_agent`, `payload`, `last_activity`) VALUES
('ALFGF0zWOzvtfmdEfROrW10Uev2xh1DM8scb96um', 10, '127.0.0.1', 'Mozilla/5.0 (Windows NT 10.0; Win64; x64) AppleWebKit/537.36 (KHTML, like Gecko) Chrome/86.0.4240.198 Safari/537.36', 'YTo2OntzOjY6Il90b2tlbiI7czo0MDoiR29ic29iazJQVW5vS2hVRmhGSGtQblVWazlzQUphZEoybEJVems2ZCI7czo2OiJfZmxhc2giO2E6Mjp7czozOiJvbGQiO2E6MDp7fXM6MzoibmV3IjthOjA6e319czo5OiJfcHJldmlvdXMiO2E6MTp7czozOiJ1cmwiO3M6NDQ6Imh0dHA6Ly8xMjcuMC4wLjE6ODAwMC9hZG1pbi9kYXNoYm9hcmQvZWRpdC8yIjt9czo1MDoibG9naW5fd2ViXzU5YmEzNmFkZGMyYjJmOTQwMTU4MGYwMTRjN2Y1OGVhNGUzMDk4OWQiO2k6MTA7czo1OiJ1dHlwZSI7czozOiJBRE0iO3M6MTc6InBhc3N3b3JkX2hhc2hfd2ViIjtzOjYwOiIkMnkkMTAkQkZCVThiYmkvTGRiWWhKbkwvSDE2T1BYSS8vOVlRNjkvZkFjOUN3Lk1zNmN0VmpaY2wzQUMiO30=', 1605812206);

-- --------------------------------------------------------

--
-- Struttura della tabella `tecnico`
--

CREATE TABLE `tecnico` (
  `id` int(10) UNSIGNED NOT NULL,
  `nome` varchar(255) COLLATE utf8mb4_unicode_ci NOT NULL,
  `cognome` varchar(255) COLLATE utf8mb4_unicode_ci NOT NULL,
  `email` varchar(255) COLLATE utf8mb4_unicode_ci NOT NULL,
  `numero_di_telefono` varchar(255) COLLATE utf8mb4_unicode_ci NOT NULL,
  `inizio_contratto` date NOT NULL,
  `fine_contratto` date NOT NULL,
  `specializzazione` varchar(255) COLLATE utf8mb4_unicode_ci NOT NULL,
  `id_dipartimento` int(10) UNSIGNED NOT NULL,
  `created_at` timestamp NULL DEFAULT NULL,
  `updated_at` timestamp NULL DEFAULT NULL
) ENGINE=InnoDB DEFAULT CHARSET=utf8mb4 COLLATE=utf8mb4_unicode_ci;

--
-- Dump dei dati per la tabella `tecnico`
--

INSERT INTO `tecnico` (`id`, `nome`, `cognome`, `email`, `numero_di_telefono`, `inizio_contratto`, `fine_contratto`, `specializzazione`, `id_dipartimento`, `created_at`, `updated_at`) VALUES
(97, 'Paolo', 'Messina', 'paolo.messina@unime.it', '3784512362', '2020-01-07', '2024-01-07', 'Edilizia', 1, '2020-11-19 17:20:42', '2020-11-19 17:20:42'),
(98, 'Mario', 'Rossi', 'mario.rossi@unime.it', '3452175987', '2019-12-02', '2022-05-05', 'Elettricista', 1, '2020-11-19 17:20:42', '2020-11-19 17:20:42'),
(99, 'Francesco', 'Bianchi', 'francesco.bianchi@unime.it', '3217865412', '2020-03-08', '2022-04-08', 'Informatico', 1, '2020-11-19 17:20:42', '2020-11-19 17:20:42'),
(100, 'Marco', 'Verdi', 'marco.verdi@unime.it', '3469574152', '2019-06-03', '2021-06-02', 'Idraulico', 1, '2020-11-19 17:20:42', '2020-11-19 17:20:42'),
(101, 'Alessandro', 'Ferrari', 'alessandro.ferrari@unime.it', '3549685475', '2018-04-01', '2022-04-01', 'Elettricista', 2, '2020-11-19 17:20:42', '2020-11-19 17:20:42'),
(102, 'Elena', 'Gallo', 'elena.gallo@unime.it', '3487425820', '2017-04-15', '2021-04-15', 'Informatico', 2, '2020-11-19 17:20:42', '2020-11-19 17:20:42'),
(103, 'Federica', 'Romano', 'federica.romano@unime.it', '3475123232', '2018-10-03', '2022-10-03', 'Idraulico', 2, '2020-11-19 17:20:42', '2020-11-19 17:20:42'),
(104, 'Mario', 'Russo', 'mario.russo@unime.it', '3491072589', '2017-11-08', '2021-11-08', 'Edilizia', 2, '2020-11-19 17:20:42', '2020-11-19 17:20:42'),
(105, 'Adriano', 'Esposito', 'adriano.esposito@unime.it', '3202596874', '2019-05-17', '2023-05-17', 'Elettricista', 3, '2020-11-19 17:20:42', '2020-11-19 17:20:42'),
(106, 'Salvatore', 'Greco', 'salvatore.greco@unime.it', '3455896785', '2020-01-21', '2024-01-21', 'Informatico', 3, '2020-11-19 17:20:42', '2020-11-19 17:20:42'),
(107, 'Michelangelo', 'Colombo', 'michelangelo.colombo@unime.it', '3359069840', '2017-12-10', '2021-12-10', 'Idraulico', 3, '2020-11-19 17:20:42', '2020-11-19 17:20:42'),
(108, 'Bartolo', 'Mancini', 'bartolo.mancini@unime.it', '3496525632', '2018-02-26', '2022-02-26', 'Edilizia', 3, '2020-11-19 17:20:42', '2020-11-19 17:20:42'),
(109, 'Sebastiano', 'Ferrara', 'sebastiano.ferrara@unime.it', '3331785050', '2017-03-24', '2021-03-24', 'Elettricista', 4, '2020-11-19 17:20:42', '2020-11-19 17:20:42'),
(110, 'Fabrizio', 'Santoro', 'fabrizio.santoro@unime.it', '3365478124', '2018-09-02', '2022-09-02', 'Informatico', 4, '2020-11-19 17:20:42', '2020-11-19 17:20:42'),
(111, 'Anselmo', 'Marini', 'anselmo.marini@unime.it', '3349685475', '2019-06-22', '2023-06-22', 'Idraulico', 4, '2020-11-19 17:20:42', '2020-11-19 17:20:42'),
(112, 'Matteo', 'Conte', 'matteo.conte@unime.it', '3398975741', '2019-10-05', '2023-10-05', 'Edilizia', 4, '2020-11-19 17:20:42', '2020-11-19 17:20:42'),
(113, 'Ettore', 'Serra', 'ettore.serra@unime.it', '3339823517', '2020-02-05', '2024-02-05', 'Elettricista', 5, '2020-11-19 17:20:42', '2020-11-19 17:20:42'),
(114, 'Silvia', 'Leone', 'siliva.leone@unime.it', '3329683275', '2018-11-09', '2022-11-09', 'Informatico', 5, '2020-11-19 17:20:42', '2020-11-19 17:20:42'),
(115, 'Carmine', 'Barbieri', 'carmine.barbieri@unime.it', '3494125412', '2018-09-27', '2022-09-27', 'Idraulico', 5, '2020-11-19 17:20:42', '2020-11-19 17:20:42'),
(116, 'Tommaso', 'Ferri', 'tommaso.ferri@unime.it', '3312541542', '2019-04-12', '2023-04-12', 'Edilizia', 5, '2020-11-19 17:20:42', '2020-11-19 17:20:42'),
(117, 'Valerio', 'Mazza', 'valerio.mazza@unime.it', '3494134454', '2017-06-15', '2021-06-15', 'Elettricista', 6, '2020-11-19 17:20:42', '2020-11-19 17:20:42'),
(118, 'Flavia', 'Vitale', 'flavia.vitale@unime.it', '3456985475', '2018-05-29', '2022-05-29', 'Informatico', 6, '2020-11-19 17:20:42', '2020-11-19 17:20:42'),
(119, 'Bruno', 'Parisi', 'bruno.parisi@unime.it', '3911257485', '2018-03-21', '2022-03-21', 'Idraulico', 6, '2020-11-19 17:20:42', '2020-11-19 17:20:42'),
(120, 'Umberto', 'Martino', 'umberto.martino@unime.it', '3317585254', '2020-02-16', '2024-02-16', 'Edilizia', 6, '2020-11-19 17:20:42', '2020-11-19 17:20:42'),
(121, 'Michele', 'Violi', 'michele.violi@unime.it', '3998136951', '2018-11-08', '2022-11-08', 'Elettricista', 7, '2020-11-19 17:20:42', '2020-11-19 17:20:42'),
(122, 'Clemente', 'Silvestri', 'clemente.silvestri@unime.it', '3517464259', '2019-06-02', '2023-06-02', 'Informatico', 7, '2020-11-19 17:20:42', '2020-11-19 17:20:42'),
(123, 'Emanuele', 'Pellegrino', 'emanuele.pellegrino@unime.it', '3341937826', '2017-12-19', '2021-12-19', 'Idraulico', 7, '2020-11-19 17:20:42', '2020-11-19 17:20:42'),
(124, 'Santo', 'Barone', 'santo.barone@unime.it', '3494130520', '2019-07-11', '2023-07-11', 'Edilizia', 7, '2020-11-19 17:20:42', '2020-11-19 17:20:42'),
(125, 'Francesco', 'Piazza', 'francesco.piazza@unime.it', '3908641356', '2019-05-30', '2023-05-30', 'Elettricista', 8, '2020-11-19 17:20:42', '2020-11-19 17:20:42'),
(126, 'Ferdinando', 'Moro', 'ferdinando.moro@unime.it', '3494095781', '2017-03-28', '2021-03-28', 'Informatico', 8, '2020-11-19 17:20:42', '2020-11-19 17:20:42'),
(127, 'Armando', 'Caputo', 'armando.caputo@unime.it', '3356955475', '2018-01-28', '2022-01-28', 'Idraulico', 8, '2020-11-19 17:20:42', '2020-11-19 17:20:42'),
(128, 'Daniele', 'Giuliani', 'daniele.giuliani@unime.it', '3302586741', '2018-07-18', '2022-07-18', 'Edilizia', 8, '2020-11-19 17:20:42', '2020-11-19 17:20:42'),
(129, 'Elisabetta', 'Sala', 'elisabetta.sala@unime.it', '3447531965', '2020-02-18', '2024-02-18', 'Elettricista', 9, '2020-11-19 17:20:42', '2020-11-19 17:20:42'),
(130, 'Costanzo', 'Battaglia', 'costanzo.battaglia@unime.it', '3897541690', '2017-06-06', '2021-06-06', 'Informatico', 9, '2020-11-19 17:20:42', '2020-11-19 17:20:42'),
(131, 'Augusto', 'Poli', 'augusto.poli@unime.it', '3332598756', '2019-09-17', '2023-09-17', 'Idraulico', 9, '2020-11-19 17:20:42', '2020-11-19 17:20:42'),
(132, 'Edoardo', 'Alberti', 'edoardo.alberti@unime.it', '3455896512', '2019-10-16', '2023-10-16', 'Edilizia', 9, '2020-11-19 17:20:42', '2020-11-19 17:20:42'),
(133, 'Benito', 'Romeo', 'benito.romeo@unime.it', '3496674514', '2020-01-13', '2024-01-13', 'Elettricista', 10, '2020-11-19 17:20:42', '2020-11-19 17:20:42'),
(134, 'Antonio', 'Rossi', 'antonio.rossi@unime.it', '3485175269', '2017-07-01', '2021-07-01', 'Informatico', 10, '2020-11-19 17:20:42', '2020-11-19 17:20:42'),
(135, 'Giovanni', 'Lorenzini', 'giovanni.lorenzini@unime.it', '3319870410', '2019-05-17', '2023-05-17', 'Idraulico', 10, '2020-11-19 17:20:42', '2020-11-19 17:20:42'),
(136, 'Armando', 'Catanese', 'armando.catanese@unime.it', '3455040210', '2019-04-23', '2023-04-23', 'Edilizia', 10, '2020-11-19 17:20:42', '2020-11-19 17:20:42'),
(137, 'Raffaele', 'Benedetti', 'raffaele.benedetti@unime.it', '3881594095', '2018-12-16', '2022-12-16', 'Elettricista', 11, '2020-11-19 17:20:42', '2020-11-19 17:20:42'),
(138, 'Diego', 'Spinelli', 'diego.spinelli@unime.it', '3489571025', '2018-04-27', '2022-04-27', 'Informatico', 11, '2020-11-19 17:20:42', '2020-11-19 17:20:42'),
(139, 'Cosimo', 'Bassi', 'cosimo.bassi@unime.it', '3880881745', '2019-08-30', '2023-08-30', 'Idraulico', 11, '2020-11-19 17:20:42', '2020-11-19 17:20:42'),
(140, 'Enzo', 'Valente', 'enzo.valente@unime.it', '3914525951', '2017-09-15', '2021-09-15', 'Edilizia', 11, '2020-11-19 17:20:42', '2020-11-19 17:20:42'),
(141, 'Fiorella', 'Coppola', 'fiorella.coppola@unime.it', '3543685475', '2018-09-13', '2022-09-13', 'Elettricista', 12, '2020-11-19 17:20:42', '2020-11-19 17:20:42'),
(142, 'Attilio', 'Molinari', 'attilio.molinari@unime.it', '3475125632', '2020-01-17', '2024-01-17', 'Informatico', 12, '2020-11-19 17:20:42', '2020-11-19 17:20:42'),
(143, 'Domenico', 'Moretti', 'domenico.moretti@unime.it', '3470082654', '2017-03-19', '2021-03-19', 'Idraulico', 12, '2020-11-19 17:20:42', '2020-11-19 17:20:42'),
(144, 'Davide', 'Rizzo', 'davide.rizzo@unime.it', '3501485742', '2019-07-08', '2023-07-08', 'Edilizia', 12, '2020-11-19 17:20:42', '2020-11-19 17:20:42');

-- --------------------------------------------------------

--
-- Struttura della tabella `users`
--

CREATE TABLE `users` (
  `id` bigint(20) UNSIGNED NOT NULL,
  `name` varchar(255) COLLATE utf8mb4_unicode_ci NOT NULL,
  `email` varchar(255) COLLATE utf8mb4_unicode_ci NOT NULL,
  `email_verified_at` timestamp NULL DEFAULT NULL,
  `password` varchar(255) COLLATE utf8mb4_unicode_ci NOT NULL,
  `two_factor_secret` text COLLATE utf8mb4_unicode_ci DEFAULT NULL,
  `two_factor_recovery_codes` text COLLATE utf8mb4_unicode_ci DEFAULT NULL,
  `remember_token` varchar(100) COLLATE utf8mb4_unicode_ci DEFAULT NULL,
  `current_team_id` bigint(20) UNSIGNED DEFAULT NULL,
  `profile_photo_path` text COLLATE utf8mb4_unicode_ci DEFAULT NULL,
  `utype` varchar(255) COLLATE utf8mb4_unicode_ci NOT NULL DEFAULT 'USR' COMMENT 'ADM per Direttori, USR per Tecnici',
  `created_at` timestamp NULL DEFAULT NULL,
  `updated_at` timestamp NULL DEFAULT NULL
) ENGINE=InnoDB DEFAULT CHARSET=utf8mb4 COLLATE=utf8mb4_unicode_ci;

--
-- Dump dei dati per la tabella `users`
--

INSERT INTO `users` (`id`, `name`, `email`, `email_verified_at`, `password`, `two_factor_secret`, `two_factor_recovery_codes`, `remember_token`, `current_team_id`, `profile_photo_path`, `utype`, `created_at`, `updated_at`) VALUES
(1, 'Mario Bolognari', 'mario.bolognari@unime.it', NULL, '$2y$10$IahJC8rNJAhKDyQPWsgLnelZypoCwVX5buqPAZMfKCFQYQcWBH1gS', NULL, NULL, NULL, NULL, NULL, 'ADM', '2020-11-19 14:42:32', '2020-11-19 14:42:32'),
(2, 'Augusto D\'amico', 'damicoa@unime.it', NULL, '$2y$10$x.21Vw/XC5ljbYtIGkf8W.2kcji/yyjp4dE4l6RQAkFNG9fCD8dgq', NULL, NULL, NULL, NULL, NULL, 'ADM', '2020-11-19 14:42:32', '2020-11-19 14:42:32'),
(3, 'Giancarlo De Vero ', 'giancarlo.devero@unime.it', NULL, '$2y$10$WQrkPwUVKhWMZtxDSzq2A.94prqRwLWbEEnzRd2y93sKL8DQa3pEC', NULL, NULL, NULL, NULL, NULL, 'ADM', '2020-11-19 14:42:32', '2020-11-19 14:42:32'),
(4, 'Antonino D\'Andrea', 'adandrea@unime.it', NULL, '$2y$10$t1tBBPO87sHKtiFG4keQlOwzXy6yEfEB7T1bMBXwcsZtFJNXxUcty', NULL, NULL, NULL, NULL, NULL, 'ADM', '2020-11-19 14:42:32', '2020-11-19 14:42:32'),
(5, 'Domenico Cucinotta', 'domenico.cucinotta@unime.it', NULL, '$2y$10$saFvDlXbCXQi5u2JkNZZNu4UWIKP6ukHvByGtXbG0/CfXuquCaei6', NULL, NULL, NULL, NULL, NULL, 'ADM', '2020-11-19 14:42:32', '2020-11-19 14:42:32'),
(6, 'Francesco Stagno D\'Alcontres', 'fstagnodalcontres@unime.it', NULL, '$2y$10$tJm/e1Z0tPHVs.Vm0opQT.plRoMv81O6SXr0f7RaQq8x82nC3nbGC', NULL, NULL, NULL, NULL, NULL, 'ADM', '2020-11-19 14:42:32', '2020-11-19 14:42:32'),
(7, 'Giuseppe Pio Anastasi', 'anastasi.giuseppe@unime.it', NULL, '$2y$10$LfmcARPwB1v/KBI52yLgmOfyQuKwAYdiKwefbqA2sUW8mTvqPNwQ.', NULL, NULL, NULL, NULL, NULL, 'ADM', '2020-11-19 14:42:32', '2020-11-19 14:42:32'),
(8, 'Giovanni Grassi', 'giovanni.grassi@unime.it', NULL, '$2y$10$t9Cb3l0Kg56Sbrt2V/I5xuw5KydQaGD212KCxAECR7GVSOidOWfMG', NULL, NULL, NULL, NULL, NULL, 'ADM', '2020-11-19 14:42:32', '2020-11-19 14:42:32'),
(9, 'Antonino Pennisi', 'antonio.pennisi@unime.it', NULL, '$2y$10$zCbRDNTi3RdM0NT8sPHbH.u4Z4fboIJdgO/cwB7Gb/e5c6lH2.ure', NULL, NULL, NULL, NULL, NULL, 'ADM', '2020-11-19 14:42:32', '2020-11-19 14:42:32'),
(10, 'Fortunato Neri', 'fortunato.neri@unime.it', NULL, '$2y$10$BFBU8bbi/LdbYhJnL/H16OPXI//9YQ69/fAc9Cw.Ms6ctVjZcl3AC', NULL, NULL, NULL, NULL, NULL, 'ADM', '2020-11-19 14:42:32', '2020-11-19 14:42:32'),
(11, 'Giovanni Moschella', 'giovanni.moschella@unime.it', NULL, '$2y$10$63ZxsKAvS3gLVV19MZIxIutuQR.eoyJo8VjXdePulCU/FNMkFkr9i', NULL, NULL, NULL, NULL, NULL, 'ADM', '2020-11-19 14:42:32', '2020-11-19 14:42:32'),
(12, 'Antonio Panebianco', 'antonio.panebianco@unime.it', NULL, '$2y$10$hqSJiRPTFPGA3ZGD0bn23eqaHdsqoZDnGxzb3iv6gTYL0X4TBfhuK', NULL, NULL, NULL, NULL, NULL, 'ADM', '2020-11-19 14:42:32', '2020-11-19 14:42:32'),
(13, 'Paolo Messina', 'paolo.messina@unime.it', NULL, '$2y$10$rW4yIb0.kNTQlQkQTXl75eMkVIohC1XMCYYRk/wMcqI2NszhFrMve', NULL, NULL, NULL, NULL, NULL, 'USR', '2020-11-19 14:42:32', '2020-11-19 14:42:32'),
(14, 'Mario Rossi', 'mario.rossi@unime.it', NULL, '$2y$10$qEm4.No2BBEe5gJNLb1gVupeLgzXAuFC0o6dn75obcKWM50.QO5Mi', NULL, NULL, NULL, NULL, NULL, 'USR', '2020-11-19 14:42:32', '2020-11-19 14:42:32'),
(15, 'Francesco Bianchi', 'francesco.bianchi@unime.it', NULL, '$2y$10$Tn4DxfZ9Y0Fl4S5WtLqkxeh9diNkFUGU5fiL6i5qpfEocRq8GwTOi', NULL, NULL, NULL, NULL, NULL, 'USR', '2020-11-19 14:42:32', '2020-11-19 14:42:32'),
(16, 'Marco Verdi', 'marco.verdi@unime.it', NULL, '$2y$10$dmp5d5kdh6aJiXMLHzvnJOQYQU7VjMXOtYV0l2cXt2p18dcsKAZ7O', NULL, NULL, NULL, NULL, NULL, 'USR', '2020-11-19 14:42:32', '2020-11-19 14:42:32'),
(17, 'Alessandro Ferrari', 'alessandro.ferrari@unime.it', NULL, '$2y$10$oxvdPa2WjvKryI2mek/ebuXdkR0fxmSyMXIhJMDhuzAxaSl0S0t02', NULL, NULL, NULL, NULL, NULL, 'USR', '2020-11-19 14:42:32', '2020-11-19 14:42:32'),
(18, 'Elena Gallo', 'elena.gallo@unime.it', NULL, '$2y$10$inpaBU5n4gKYw1cMMxapb.gcGBpLINpA2TYO/9n8dQMwOS9UG6O3S', NULL, NULL, NULL, NULL, NULL, 'USR', '2020-11-19 14:42:32', '2020-11-19 14:42:32'),
(19, 'Federica Romano', '@federica.romano@unime.it', NULL, '$2y$10$YDcADHLMvIKxHxjGkLSmieqeZMdw5eOISAOdCm5u3AbbsgrEZ6yNS', NULL, NULL, NULL, NULL, NULL, 'USR', '2020-11-19 14:42:32', '2020-11-19 14:42:32'),
(20, 'Mario Russo', 'mario.russo@unime.it', NULL, '$2y$10$DjkmiFT0.N0Rj1gpAJqaf.1hi5ES0fxSd6VA.x7TxyK4/f0b4sUGm', NULL, NULL, NULL, NULL, NULL, 'USR', '2020-11-19 14:42:32', '2020-11-19 14:42:32'),
(21, 'Adriano Esposito', 'adriano.esposito@unime.it', NULL, '$2y$10$lww33D9u9FZkiiJKqPVmaujXE6OM/C5DSIUUy5gfjicZJzpyoh1rK', NULL, NULL, NULL, NULL, NULL, 'USR', '2020-11-19 14:42:32', '2020-11-19 14:42:32'),
(22, 'Salvatore Greco', 'salvatore.greco@unime.it', NULL, '$2y$10$ClyCv45pqilJenZbQFv8bOOXTgGFji5hsTgdeFbrWM.new1zMbbK6', NULL, NULL, NULL, NULL, NULL, 'USR', '2020-11-19 14:42:32', '2020-11-19 14:42:32'),
(23, 'Michelangelo Colombo', 'michelangelo.colombo@unime.it', NULL, '$2y$10$647bmK58U2/vTWj8MJytnOKyuGfLZbTICJxo.94vy96Z8jToa.HIy', NULL, NULL, NULL, NULL, NULL, 'USR', '2020-11-19 14:42:32', '2020-11-19 14:42:32'),
(24, 'Bartolo Mancini', 'bartolo.mancini@unime.it', NULL, '$2y$10$s.0sSFk9i.1QzN9UoEMnQOj8ikcaEnyYWnLny6p4eOHuA3krTeYwW', NULL, NULL, NULL, NULL, NULL, 'USR', '2020-11-19 14:42:32', '2020-11-19 14:42:32'),
(25, 'Sebastiano Ferrara', 'sebastiano.ferrara@unime.it', NULL, '$2y$10$PvBhKqeFMekigBwqdG6hY.OX.cCMcYzj/favH3Edvc1rbwmdIfXy.', NULL, NULL, NULL, NULL, NULL, 'USR', '2020-11-19 14:42:32', '2020-11-19 14:42:32'),
(26, 'Fabrizio Santoro', 'fabrizio.santoro@unime.it', NULL, '$2y$10$K5I5iUzK1n9guZ8YdqCxR.oe1HMcGG9G3FrHMISYFFAefydIZhnnS', NULL, NULL, NULL, NULL, NULL, 'USR', '2020-11-19 14:42:32', '2020-11-19 14:42:32'),
(27, 'Anselmo Marini', 'anselmo.marini@unime.it', NULL, '$2y$10$jko/QhKikpZKoh/0/F6w7OA6PD6dQhT/G9.KY45AUqmajZLE.rQwq', NULL, NULL, NULL, NULL, NULL, 'USR', '2020-11-19 14:42:32', '2020-11-19 14:42:32'),
(28, 'Matteo Conte', 'matteo.conte@unime.it', NULL, '$2y$10$1p.GC5PEMqgGqHc9GIGMa.eEMnPWxP25bTSpCy9ARwvh0q7rWnkcy', NULL, NULL, NULL, NULL, NULL, 'USR', '2020-11-19 14:42:32', '2020-11-19 14:42:32'),
(29, 'Ettore Serra', 'ettore.serra@unime.it', NULL, '$2y$10$HNcVNRVnHM3pRA5FPUstqejHn8sJ3lFB7ZtXtjMye257KIwKWxJYS', NULL, NULL, NULL, NULL, NULL, 'USR', '2020-11-19 14:42:32', '2020-11-19 14:42:32'),
(30, 'Silvia Leone', 'silvia.leone@unime.it', NULL, '$2y$10$Ii2udUlP6.RUowLf9WnUTem85t4..06sFE5OjODIN6E9f4d.Px3Am', NULL, NULL, NULL, NULL, NULL, 'USR', '2020-11-19 14:42:32', '2020-11-19 14:42:32'),
(31, 'Carmine Barbieri', 'carmine.barbieri@unime.it', NULL, '$2y$10$7KxNqVfMh2UKd2UGqbQlseTtPsZKT1z.4ay/w3U6x1sgB/8s19z3q', NULL, NULL, NULL, NULL, NULL, 'USR', '2020-11-19 14:42:32', '2020-11-19 14:42:32'),
(32, 'Tommaso Ferri', 'tommaso.ferri@unime.it', NULL, '$2y$10$2P8HoKlV4H1yyrQYJQNA7uGPxEoz.OLPdOLnH5S5KfF1CY6YTTuOq', NULL, NULL, NULL, NULL, NULL, 'USR', '2020-11-19 14:42:32', '2020-11-19 14:42:32'),
(33, 'Valerio Mazza', 'valerio.mazza@unime.it', NULL, '$2y$10$ZXtiMibag5zBVMepv76Nre/A8ytkenhQ1.jMJvaimnz2l/fqel/QK', NULL, NULL, NULL, NULL, NULL, 'USR', '2020-11-19 14:42:32', '2020-11-19 14:42:32'),
(34, 'Flavia Vitale', 'flavia.vitale@unime.it', NULL, '$2y$10$0tgMV9IbgQuFR62liQTeS.SGTw4zAs.xeCdbwtyAdlppuEHm3r/26', NULL, NULL, NULL, NULL, NULL, 'USR', '2020-11-19 14:42:32', '2020-11-19 14:42:32'),
(35, 'Bruno Parisi', 'bruno.parisi@unime.it', NULL, '$2y$10$yWhI8GgB9QcoQeElc/pW8OcXfru/t/Pjdtgj5Ck.5Y.n/xXtjMEYq', NULL, NULL, NULL, NULL, NULL, 'USR', '2020-11-19 14:42:32', '2020-11-19 14:42:32'),
(36, 'Umberto Martino', 'umberto.martino@unime.it', NULL, '$2y$10$CL8qwWi86DQ207AZr1xuROsnLIyKvzKwrKj8AzGtozN9RcgJdYKvq', NULL, NULL, NULL, NULL, NULL, 'USR', '2020-11-19 14:42:32', '2020-11-19 14:42:32'),
(37, 'Michele Violi', 'michele.violi@unime.it', NULL, '$2y$10$0l9xWQ6JSg4NeojnBs8pCOR0BkbFpoIWBtUZp7GZskBK5jsHBSp32', NULL, NULL, NULL, NULL, NULL, 'USR', '2020-11-19 14:42:32', '2020-11-19 14:42:32'),
(38, 'Clemente Silvestri', 'clemente.silvestri@unime.it', NULL, '$2y$10$cjSabTMnH2r4OR3D/aQghevRvrIAXLIxwmOf2nrBIttMSBDk5PqfO', NULL, NULL, NULL, NULL, NULL, 'USR', '2020-11-19 14:42:32', '2020-11-19 14:42:32'),
(39, 'Emanuele Pellegrino', 'emanuele.pellegrino@unime.it', NULL, '$2y$10$Q.2.b57QL.iHGyCwRKqJ0OH2BTL0HrLXgaLXhH1.RC56AwnaEkaTm', NULL, NULL, NULL, NULL, NULL, 'USR', '2020-11-19 14:42:32', '2020-11-19 14:42:32'),
(40, 'Santo Barone', 'santo.barone@unime.it', NULL, '$2y$10$fO8wYslRGr87pCIe4fn/bOKNXP3fd6Ac72r3JeMdWXh0wcZlRyHnK', NULL, NULL, NULL, NULL, NULL, 'USR', '2020-11-19 14:42:32', '2020-11-19 14:42:32'),
(41, 'Francesco Piazza', 'francesco.piazza@unime.it', NULL, '$2y$10$TAmqCS5t9zon3FZVcTBJKOETVqWpIAiUZZFQmugtn41lFYijrNpBu', NULL, NULL, NULL, NULL, NULL, 'USR', '2020-11-19 14:42:32', '2020-11-19 14:42:32'),
(42, 'Ferdinando Moro', 'ferdinando.moro@unime.it', NULL, '$2y$10$JoAKkauW1.Y0xPWrb9F7R.gthjW4EXZ/2m6YHxyOxDRzzYhPgvPgK', NULL, NULL, NULL, NULL, NULL, 'USR', '2020-11-19 14:42:32', '2020-11-19 14:42:32'),
(43, 'Armando Caputo', 'armando.caputo@unime.it', NULL, '$2y$10$DgSHe6ubcXIWayyE6OqMFuIBCMYQMk.JzJFtNCY.Xk4DqIO8XktDe', NULL, NULL, NULL, NULL, NULL, 'USR', '2020-11-19 14:42:32', '2020-11-19 14:42:32'),
(44, 'Daniele Giuliani', 'daniele.giuliani@unime.it', NULL, '$2y$10$sYXVbH8Lgz94AijQep/NreDy9Y/jPKMTZ0H1zfV/WTK4guev7aHBC', NULL, NULL, NULL, NULL, NULL, 'USR', '2020-11-19 14:42:32', '2020-11-19 14:42:32'),
(45, 'Elisabetta Sala', 'elisabetta.sala@unime.it', NULL, '$2y$10$2sqRFKGG15uh3XIrFgdC5.x01In1GDB1JmZpeT2iLxtP2pfiLUTbK', NULL, NULL, NULL, NULL, NULL, 'USR', '2020-11-19 14:42:33', '2020-11-19 14:42:33'),
(46, 'Costanzo Battaglia', 'costanzo.battaglia@unime.it', NULL, '$2y$10$y5FrJvthkS07IgqaplHxUeE2PHL8StUOnBh.dUPJFfTeCAqqyIxR2', NULL, NULL, NULL, NULL, NULL, 'USR', '2020-11-19 14:42:33', '2020-11-19 14:42:33'),
(47, 'Augusto Poli', 'augusto.poli@unime.it', NULL, '$2y$10$Qy/8LpRlr7Q8i7I6RXuau.MxomGpSFY78iHEEA7ky9fG7BRrbag7W', NULL, NULL, NULL, NULL, NULL, 'USR', '2020-11-19 14:42:33', '2020-11-19 14:42:33'),
(48, 'Edoardo Alberti', 'edoardo.alberti@unime.it', NULL, '$2y$10$x0n.mSg9XQOyKprGRbxKVuvTEzZAny/O2Rf7vL2nja7MVLWpsrtPy', NULL, NULL, NULL, NULL, NULL, 'USR', '2020-11-19 14:42:33', '2020-11-19 14:42:33'),
(49, 'Benito Romeo', 'benito.romeo@unime.it', NULL, '$2y$10$m1pR95fOMgPMxlo.xSKAaO089L5FKOs/J5quEmj3YrnVCtc9D4Fb.', NULL, NULL, NULL, NULL, NULL, 'USR', '2020-11-19 14:42:33', '2020-11-19 14:42:33'),
(50, 'Antonio Rossi', 'antonio.rossi@unime.it', NULL, '$2y$10$MMCITflg3PKPItfV4wLaLOedvGmTNAOCV67hdCMpDP5LeR1A3Fw1S', NULL, NULL, NULL, NULL, NULL, 'USR', '2020-11-19 14:42:33', '2020-11-19 14:42:33'),
(51, 'Giovanni Lorenzini', 'giovanni.lorenzini@unime.it', NULL, '$2y$10$.ylQaIFS7dqxtkFTXB2DBemB714F3mCLBCu0ex9Imbj53YXF5YV82', NULL, NULL, NULL, NULL, NULL, 'USR', '2020-11-19 14:42:33', '2020-11-19 14:42:33'),
(52, 'Armando Catanese', 'armando.catanese@unime.it', NULL, '$2y$10$vLL0YRkbtWv4hrzDI4wY2uWoXskA7sdCFfqEu6tj8NrS8jwz//5Zi', NULL, NULL, NULL, NULL, NULL, 'USR', '2020-11-19 14:42:33', '2020-11-19 14:42:33'),
(53, 'Raffaele Benedetti', 'raffaele.benedetti@unime.it', NULL, '$2y$10$v9o7LYI38LkIQDv4qYRYwuyu94Ru4ac6CuKsuJgP8gi3k5LHDKdeS', NULL, NULL, NULL, NULL, NULL, 'USR', '2020-11-19 14:42:33', '2020-11-19 14:42:33'),
(54, 'Diego Spinelli', 'diego.spinelli@unime.it', NULL, '$2y$10$nBa7l3CX9tanQdf.QGYZcObds6.UsjpIi.Q18EgDSSlKLY6HwnsBK', NULL, NULL, NULL, NULL, NULL, 'USR', '2020-11-19 14:42:33', '2020-11-19 14:42:33'),
(55, 'Cosimo Bassi', 'cosimo.bassi@unime.it', NULL, '$2y$10$VAmn.FTxAVW66lPs7XP34.U864Ln1XL.tBYBB8Fv2tkgSYR2Ecsnm', NULL, NULL, NULL, NULL, NULL, 'USR', '2020-11-19 14:42:33', '2020-11-19 14:42:33'),
(56, 'Enzo Valente', 'enzo.valente@unime.it', NULL, '$2y$10$4CSeLokIENBo0R94RFpWYelAJoriDJwKObxe3WFZcH4BRHu1ZBqga', NULL, NULL, NULL, NULL, NULL, 'USR', '2020-11-19 14:42:33', '2020-11-19 14:42:33'),
(57, 'Fiorella Coppola', 'fiorella.coppola@unime.it', NULL, '$2y$10$uSNC1BHV8jPkkz5kGGbkLO3GmXW.nKemDMQLnCpExJnY8v.BlBaFy', NULL, NULL, NULL, NULL, NULL, 'USR', '2020-11-19 14:42:33', '2020-11-19 14:42:33'),
(58, 'Attilio Molinari', 'attilio.molinari@unime.it', NULL, '$2y$10$CImJmRmEfBzLNtuPVeaeKeuU/nsafnjZH3GBfCPEIFlSTzkB6DcmK', NULL, NULL, NULL, NULL, NULL, 'USR', '2020-11-19 14:42:33', '2020-11-19 14:42:33'),
(59, 'Domenico Moretti', 'domenico.moretti@unime.it', NULL, '$2y$10$cgIZAD3YkXVBMIN.h4rj9O1x2Ekbg0yXRMaZNjg63DpflcmN3vHB2', NULL, NULL, NULL, NULL, NULL, 'USR', '2020-11-19 14:42:33', '2020-11-19 14:42:33'),
(60, 'Davide Rizzo', 'davide.rizzo@unime.it', NULL, '$2y$10$hLx8K9zmyP6d1jHblEpy0uCTreTTiy.KygmHQDwF0R.ZRKfn.qPBu', NULL, NULL, NULL, NULL, NULL, 'USR', '2020-11-19 14:42:33', '2020-11-19 14:42:33');

-- --------------------------------------------------------

--
-- Struttura della tabella `utente`
--

CREATE TABLE `utente` (
  `id` int(10) UNSIGNED NOT NULL,
  `nome` varchar(255) COLLATE utf8mb4_unicode_ci NOT NULL,
  `cognome` varchar(255) COLLATE utf8mb4_unicode_ci NOT NULL,
  `email` varchar(255) COLLATE utf8mb4_unicode_ci NOT NULL,
  `numero_di_telefono` varchar(255) COLLATE utf8mb4_unicode_ci DEFAULT NULL,
  `created_at` timestamp NULL DEFAULT NULL,
  `updated_at` timestamp NULL DEFAULT NULL
) ENGINE=InnoDB DEFAULT CHARSET=utf8mb4 COLLATE=utf8mb4_unicode_ci;

--
-- Dump dei dati per la tabella `utente`
--

INSERT INTO `utente` (`id`, `nome`, `cognome`, `email`, `numero_di_telefono`, `created_at`, `updated_at`) VALUES
(2, 'Mario', 'Rossi', 'mario.rossi@gmail.com', '3452145963', '2020-11-19 17:53:09', '2020-11-19 17:53:09');

--
-- Indici per le tabelle scaricate
--

--
-- Indici per le tabelle `categoria`
--
ALTER TABLE `categoria`
  ADD PRIMARY KEY (`id`);

--
-- Indici per le tabelle `dipartimento`
--
ALTER TABLE `dipartimento`
  ADD PRIMARY KEY (`id`),
  ADD KEY `dipartimento_id_direttore_foreign` (`id_direttore`);

--
-- Indici per le tabelle `direttore`
--
ALTER TABLE `direttore`
  ADD PRIMARY KEY (`id`);

--
-- Indici per le tabelle `failed_jobs`
--
ALTER TABLE `failed_jobs`
  ADD PRIMARY KEY (`id`),
  ADD UNIQUE KEY `failed_jobs_uuid_unique` (`uuid`);

--
-- Indici per le tabelle `locale`
--
ALTER TABLE `locale`
  ADD PRIMARY KEY (`id`),
  ADD KEY `locale_id_dipartimento_foreign` (`id_dipartimento`);

--
-- Indici per le tabelle `migrations`
--
ALTER TABLE `migrations`
  ADD PRIMARY KEY (`id`);

--
-- Indici per le tabelle `password_resets`
--
ALTER TABLE `password_resets`
  ADD KEY `password_resets_email_index` (`email`);

--
-- Indici per le tabelle `personale_docente`
--
ALTER TABLE `personale_docente`
  ADD PRIMARY KEY (`id`),
  ADD KEY `personale_docente_id_locale_foreign` (`id_locale`);

--
-- Indici per le tabelle `personal_access_tokens`
--
ALTER TABLE `personal_access_tokens`
  ADD PRIMARY KEY (`id`),
  ADD UNIQUE KEY `personal_access_tokens_token_unique` (`token`),
  ADD KEY `personal_access_tokens_tokenable_type_tokenable_id_index` (`tokenable_type`,`tokenable_id`);

--
-- Indici per le tabelle `problema`
--
ALTER TABLE `problema`
  ADD PRIMARY KEY (`id`),
  ADD KEY `problema_id_utente_foreign` (`id_utente`),
  ADD KEY `problema_id_tecnico_foreign` (`id_tecnico`),
  ADD KEY `problema_id_docente_foreign` (`id_docente`),
  ADD KEY `problema_id_dipartimento_foreign` (`id_dipartimento`),
  ADD KEY `problema_id_locale_foreign` (`id_locale`),
  ADD KEY `problema_id_categoria_foreign` (`id_categoria`);

--
-- Indici per le tabelle `sessions`
--
ALTER TABLE `sessions`
  ADD PRIMARY KEY (`id`),
  ADD KEY `sessions_user_id_index` (`user_id`),
  ADD KEY `sessions_last_activity_index` (`last_activity`);

--
-- Indici per le tabelle `tecnico`
--
ALTER TABLE `tecnico`
  ADD PRIMARY KEY (`id`),
  ADD KEY `tecnico_id_dipartimento_foreign` (`id_dipartimento`);

--
-- Indici per le tabelle `users`
--
ALTER TABLE `users`
  ADD PRIMARY KEY (`id`),
  ADD UNIQUE KEY `users_email_unique` (`email`);

--
-- Indici per le tabelle `utente`
--
ALTER TABLE `utente`
  ADD PRIMARY KEY (`id`);

--
-- AUTO_INCREMENT per le tabelle scaricate
--

--
-- AUTO_INCREMENT per la tabella `categoria`
--
ALTER TABLE `categoria`
  MODIFY `id` int(10) UNSIGNED NOT NULL AUTO_INCREMENT, AUTO_INCREMENT=5;

--
-- AUTO_INCREMENT per la tabella `dipartimento`
--
ALTER TABLE `dipartimento`
  MODIFY `id` int(10) UNSIGNED NOT NULL AUTO_INCREMENT, AUTO_INCREMENT=13;

--
-- AUTO_INCREMENT per la tabella `direttore`
--
ALTER TABLE `direttore`
  MODIFY `id` int(10) UNSIGNED NOT NULL AUTO_INCREMENT, AUTO_INCREMENT=13;

--
-- AUTO_INCREMENT per la tabella `failed_jobs`
--
ALTER TABLE `failed_jobs`
  MODIFY `id` bigint(20) UNSIGNED NOT NULL AUTO_INCREMENT;

--
-- AUTO_INCREMENT per la tabella `locale`
--
ALTER TABLE `locale`
  MODIFY `id` int(10) UNSIGNED NOT NULL AUTO_INCREMENT, AUTO_INCREMENT=1132;

--
-- AUTO_INCREMENT per la tabella `migrations`
--
ALTER TABLE `migrations`
  MODIFY `id` int(10) UNSIGNED NOT NULL AUTO_INCREMENT, AUTO_INCREMENT=14;

--
-- AUTO_INCREMENT per la tabella `personale_docente`
--
ALTER TABLE `personale_docente`
  MODIFY `id` int(10) UNSIGNED NOT NULL AUTO_INCREMENT, AUTO_INCREMENT=49;

--
-- AUTO_INCREMENT per la tabella `personal_access_tokens`
--
ALTER TABLE `personal_access_tokens`
  MODIFY `id` bigint(20) UNSIGNED NOT NULL AUTO_INCREMENT;

--
-- AUTO_INCREMENT per la tabella `problema`
--
ALTER TABLE `problema`
  MODIFY `id` int(10) UNSIGNED NOT NULL AUTO_INCREMENT, AUTO_INCREMENT=4;

--
-- AUTO_INCREMENT per la tabella `tecnico`
--
ALTER TABLE `tecnico`
  MODIFY `id` int(10) UNSIGNED NOT NULL AUTO_INCREMENT, AUTO_INCREMENT=145;

--
-- AUTO_INCREMENT per la tabella `users`
--
ALTER TABLE `users`
  MODIFY `id` bigint(20) UNSIGNED NOT NULL AUTO_INCREMENT, AUTO_INCREMENT=61;

--
-- AUTO_INCREMENT per la tabella `utente`
--
ALTER TABLE `utente`
  MODIFY `id` int(10) UNSIGNED NOT NULL AUTO_INCREMENT, AUTO_INCREMENT=3;

--
-- Limiti per le tabelle scaricate
--

--
-- Limiti per la tabella `dipartimento`
--
ALTER TABLE `dipartimento`
  ADD CONSTRAINT `dipartimento_id_direttore_foreign` FOREIGN KEY (`id_direttore`) REFERENCES `direttore` (`id`) ON DELETE CASCADE ON UPDATE CASCADE;

--
-- Limiti per la tabella `locale`
--
ALTER TABLE `locale`
  ADD CONSTRAINT `locale_id_dipartimento_foreign` FOREIGN KEY (`id_dipartimento`) REFERENCES `dipartimento` (`id`) ON DELETE CASCADE ON UPDATE CASCADE;

--
-- Limiti per la tabella `personale_docente`
--
ALTER TABLE `personale_docente`
  ADD CONSTRAINT `personale_docente_id_locale_foreign` FOREIGN KEY (`id_locale`) REFERENCES `locale` (`id`) ON DELETE CASCADE ON UPDATE CASCADE;

--
-- Limiti per la tabella `problema`
--
ALTER TABLE `problema`
  ADD CONSTRAINT `problema_id_categoria_foreign` FOREIGN KEY (`id_categoria`) REFERENCES `categoria` (`id`),
  ADD CONSTRAINT `problema_id_dipartimento_foreign` FOREIGN KEY (`id_dipartimento`) REFERENCES `dipartimento` (`id`),
  ADD CONSTRAINT `problema_id_docente_foreign` FOREIGN KEY (`id_docente`) REFERENCES `personale_docente` (`id`) ON DELETE CASCADE ON UPDATE CASCADE,
  ADD CONSTRAINT `problema_id_locale_foreign` FOREIGN KEY (`id_locale`) REFERENCES `locale` (`id`),
  ADD CONSTRAINT `problema_id_tecnico_foreign` FOREIGN KEY (`id_tecnico`) REFERENCES `tecnico` (`id`) ON UPDATE CASCADE,
  ADD CONSTRAINT `problema_id_utente_foreign` FOREIGN KEY (`id_utente`) REFERENCES `utente` (`id`);

--
-- Limiti per la tabella `tecnico`
--
ALTER TABLE `tecnico`
  ADD CONSTRAINT `tecnico_id_dipartimento_foreign` FOREIGN KEY (`id_dipartimento`) REFERENCES `dipartimento` (`id`) ON DELETE CASCADE ON UPDATE CASCADE;
COMMIT;

/*!40101 SET CHARACTER_SET_CLIENT=@OLD_CHARACTER_SET_CLIENT */;
/*!40101 SET CHARACTER_SET_RESULTS=@OLD_CHARACTER_SET_RESULTS */;
/*!40101 SET COLLATION_CONNECTION=@OLD_COLLATION_CONNECTION */;
